quarter,afinn_sentiment_avg,afinn_sd_avg,afinn_sentiment_wtd,afinn_sd_wtd,jockers_sentiment_avg,jockers_sd_avg,jockers_sentiment_wtd,jockers_sd_wtd,nrc_sentiment_avg,nrc_sd_avg,nrc_sentiment_wtd,nrc_sd_wtd,huliu_sentiment_avg,huliu_sd_avg,huliu_sentiment_wtd,huliu_sd_wtd,rheault_sentiment_avg,rheault_sd_avg,rheault_sentiment_wtd,rheault_sd_wtd,tot_speeches,tot_words,avg_speech_length
1979.2,0.1698125968356425,0.4562877868756613,0.2401619691563975,0.6232156928952378,0.13851841371672952,0.23697369534759416,0.13248167997560079,0.26498289434354705,0.1859926325964564,0.32951681061309684,0.20669387666587002,0.37781423865669483,0.07390731291889954,0.2947849420230241,0.07813318321882534,0.36486077010430773,0.21384123591436233,0.22186897647813422,0.22025291068154906,0.22025291068154906,6430,1388231,215.899066874028
1979.3,0.14310959577477153,0.4523994457996034,0.17258136599511423,0.5866497342923204,0.11708223315093322,0.23191358363173226,0.10428749412496723,0.25535416584905696,0.1590255061804783,0.32033374358556355,0.1678488943356716,0.36389962137837967,0.04635559466695667,0.27712605034788546,0.0379234292955866,0.3430658948807165,0.18864629057209295,0.2148659246693558,0.19221733143807831,0.19221733143807831,8122,1467699,180.7065993597636
1979.4,0.14565181453704798,0.43930097821042025,0.17995932911818743,0.5832356981563427,0.12540788913776266,0.22960599980542895,0.11077882657689331,0.2545703193934546,0.17121217205114528,0.3183433991836789,0.18025486458282225,0.3647300883868911,0.06052840827250801,0.2810360153168668,0.044790092630739214,0.3439244780551961,0.19460678256577404,0.21419816417701043,0.19961647255003317,0.19961647255003317,15944,2799647,175.59251128951328
1980.1,0.12819749321217286,0.43701288225123697,0.16402077795710707,0.5644444762412396,0.1182469402530116,0.23533197706365075,0.10921327772869083,0.256215106205108,0.16349145377801214,0.31988508244701885,0.174910030765157,0.3601863192936963,0.04671815957416338,0.2776216128540917,0.034437277100729954,0.3330095177302553,0.18602471613697447,0.21392519517130493,0.1928990889966484,0.1928990889966484,20926,3478193,166.21394437541815
1980.2,0.12384163776236343,0.4407140284792712,0.15396746790225627,0.5794466593968282,0.11514906857883757,0.23479322792295718,0.10267643731497941,0.2559515662250162,0.15843053697768236,0.32357206261536453,0.17114228349073976,0.36654553324338895,0.04461372083564728,0.2795063510277651,0.03122764170112283,0.34203756784201406,0.18462674625073278,0.21475049448079553,0.19076388358851568,0.19076388358851568,19229,3437750,178.77944770918924
1980.3,0.11545997362531762,0.41994508323615654,0.14740963187113298,0.5650204410046387,0.11034874280191473,0.22944996899293654,0.10250660364917169,0.25450676207531236,0.1519680849388531,0.31981596094606735,0.16536958292460666,0.3618839333342858,0.04747152056221137,0.2696979489931451,0.03548497960573664,0.333131125974108,0.17932922450486485,0.21062099731342715,0.1883677783942578,0.1883677783942578,11310,1919154,169.68647214854113
1980.4,0.11965420362751976,0.4541314505045543,0.13587855673638646,0.5847454523953349,0.12029462699550408,0.2394448737941137,0.1011618682639021,0.2604158253892221,0.16306464628728587,0.32492519061017294,0.1637824499934299,0.365758173316086,0.049483152682410554,0.284394140767351,0.0273406983600247,0.34368693509809806,0.18829369961190537,0.2160329940107957,0.18936125527189748,0.18936125527189748,12014,2272044,189.116364241718
1981.1,0.14739773210780785,0.4630329899770161,0.16704050817033378,0.6071429752853246,0.12876914115898827,0.23966692831391243,0.10809247291453757,0.2610402516976254,0.17671854090661412,0.3281660274248438,0.1795895842143835,0.37105289777955613,0.05535630384613663,0.28530112278403236,0.03489022964680121,0.35175370949283125,0.19987867260650563,0.21952421982972764,0.19767078325754459,0.19767078325754459,16799,3341725,198.92404309780343
1981.2,0.12299218296864542,0.45819943872776425,0.15060600136782767,0.6001362623751149,0.11687929305842595,0.23885895922008984,0.10249743188522374,0.26257657820933217,0.16295724107195353,0.3300165518619157,0.16918695828790312,0.37127488961089367,0.043757878556434496,0.2860419049615327,0.028009513197239176,0.3510001087155747,0.18701877244589318,0.21669607648752398,0.19053577781227812,0.19053577781227812,16925,3348732,197.85713441654357
1981.3,0.12785390820896664,0.46125221634797314,0.15614892676472086,0.5923427588821178,0.11439306322465789,0.23864415124049612,0.10578140832042669,0.2604280292599752,0.15363992607329896,0.32799350439432745,0.17283649810004217,0.3689068913430811,0.04590792601670194,0.2847147725216499,0.038083526226375924,0.3464654656118048,0.18691163849352002,0.22084233166233733,0.19549421757977353,0.19549421757977353,8429,1723384,204.4588919207498
1981.4,0.14026978596993464,0.4562276905056077,0.1622470921419524,0.6065202726059508,0.12533897256880686,0.24006716675160553,0.10812759507662187,0.2630659091999793,0.16724205017406907,0.3286858519600028,0.1716560230157764,0.3703719692486177,0.055392714721001934,0.286142769513558,0.03969681891417652,0.348829173671214,0.1957658257579144,0.2188825270915787,0.19940340567547538,0.19940340567547538,11597,2338337,201.63292230749332
1982.1,0.13902374206944088,0.4636574584075722,0.1643530670726362,0.6024171308422576,0.12602978238510323,0.23967510068894937,0.10920916462642968,0.2617021038753208,0.178045691143856,0.33052575221723346,0.18073617513562137,0.36953446783666194,0.05204073681242341,0.28493584767477065,0.03846016803039066,0.34712282718968007,0.19430329533735846,0.21806547849270635,0.1951413705448038,0.1951413705448038,16592,3199735,192.84805930568947
1982.2,0.13545478111142178,0.4523340653878714,0.1670913790981845,0.5790539517817189,0.1208470497306347,0.23784206068499203,0.10972128507533015,0.2586151389496304,0.1620006084836431,0.32438138197450006,0.17037141866710181,0.3636913540896894,0.057230474380284106,0.28203362636195145,0.048102801970564185,0.34230818842172,0.1917583821573724,0.21714850277485148,0.1966381428677274,0.1966381428677274,18868,3269041,173.25847996608013
1982.3,0.12530597864655804,0.4527986401886083,0.16116641556242353,0.5896521944838233,0.11723056535271004,0.23790862927638887,0.1096393681000146,0.26224214491556236,0.1597468810180682,0.32334200142417147,0.1807426481852092,0.36937388511879354,0.04903970559823626,0.2812898975709176,0.042854654366950524,0.345255402211899,0.19134849390081307,0.21807912288266282,0.19957207286491338,0.19957207286491338,7890,1515146,192.03371356147022
1982.4,0.12824220031970388,0.4459345795395571,0.1534121639935808,0.5753940863724355,0.11805388723633835,0.2361716141075468,0.10416781334216942,0.25962152892730317,0.16548028833963316,0.3250296479934862,0.17413734028945638,0.36520788099800583,0.04683442173977952,0.2780362441606057,0.03540338544672599,0.33949540013613416,0.18739944270949072,0.21560686921463407,0.1938331913731458,0.1938331913731458,15155,2750166,181.46921807984162
1983.1,0.14050980203097524,0.4560215640960134,0.16656564827490764,0.61184437111334955,0.12337143780859591,0.23853837150076504,0.10692019296744548,0.26368290731555155,0.16898296702782936,0.32391435426644255,0.17242451871710696,0.3707315701624542,0.05191895498965715,0.2830178222343558,0.035729859357570656,0.35384900981718515,0.1938853571289751,0.21782716559693416,0.1973655200530953,0.1973655200530953,17022,3344096,196.45729056515097
1983.2,0.14882850415391716,0.4666179508848946,0.18616839354564865,0.6212957198974437,0.1251268023050596,0.2413372423614417,0.11449486625206805,0.26652208240931613,0.167614893457619,0.3292907674255361,0.1834686102307624,0.3775878826780781,0.05632396093755142,0.2874623290674727,0.0464708830775447,0.35347405213260935,0.19929073843317177,0.22363417091654897,0.20805662676369466,0.20805662676369466,9243,1793200,194.00627501893325
1983.3,0.1413737689086298,0.456532624716344,0.1697168010438664,0.6254311893753408,0.1266930977115809,0.2419947953044308,0.10795809520303226,0.26774556573015684,0.16802039362432025,0.3351133767679945,0.17272206245987323,0.3811352150596206,0.05498645429668622,0.27922259698074875,0.039196202156302075,0.34415321307232905,0.1976636828789819,0.22003055914438682,0.20105062415352992,0.20105062415352992,6720,1343578,199.93720238095239
1983.4,0.14029981346715018,0.4492326071075188,0.17901357619352046,0.5944745341151582,0.1235074975012036,0.2363352168397302,0.11124889425031764,0.26054900876450343,0.1668628346674732,0.326060801215855,0.17746109634470947,0.36917161562764567,0.05062113050217886,0.27836358303446135,0.041748977670664086,0.3440033331542005,0.19603345585575846,0.21806618052191978,0.20396570480049128,0.20396570480049128,15338,2779199,181.19696179423653
1984.1,0.14623310454772986,0.46014202354268713,0.16912404493552494,0.6110527677724714,0.12420302036784417,0.2376302458522813,0.10782335934623825,0.2596654283724552,0.17238593396432147,0.3297288211512831,0.17809676896865836,0.3733073076421127,0.050016398342279556,0.2833873230615624,0.036895022764070015,0.3511580383117399,0.1961907660078555,0.22029856922324895,0.19911205689839792,0.19911205689839792,18985,3386431,178.37403213062944
1984.2,0.12228926383851561,0.45353430229734665,0.15893537570373642,0.5854040190799119,0.11173121365874701,0.2357297432139131,0.10215742408979177,0.2573942431739678,0.1547727059013706,0.3279411837352989,0.16904000988928225,0.37044375201275176,0.03821747672065544,0.28174726711370673,0.027423954098480058,0.34279022982339846,0.18711515270660065,0.21384782137569155,0.19579510820640839,0.19579510820640839,19660,3440617,175.0059511698881
1984.3,0.11934172775437042,0.4465637437370196,0.14903166134943588,0.5840137934814514,0.11937508131393101,0.23382999628361606,0.1062513943875272,0.25821069167050736,0.15598439179554605,0.32101000522255346,0.16338438498674251,0.3691966657683037,0.04516074886068009,0.27824103306050596,0.03143169100026673,0.34185701828857473,0.18989073129067977,0.213250993642333,0.19318865045874026,0.19318865045874026,9570,1633684,170.70888192267503
1984.4,0.12168624446679623,0.45302081271686623,0.14678685003013567,0.5907155300502078,0.11991153062869962,0.23911836745981246,0.10251125339271763,0.25948489805347635,0.16651731222770838,0.3292212768410319,0.17264646131798544,0.3707261485423681,0.04537687713009056,0.28242342806978865,0.0326633203954031,0.3476121254959086,0.19482207966759885,0.2204616593640683,0.1976117752486136,0.1976117752486136,14251,2705845,189.87053540102448
1985.1,0.12010464920669764,0.4567138617734593,0.13989692226645728,0.5858760424133317,0.11628084163659967,0.23702659277672533,0.09993344958380132,0.25702570341845493,0.15865985216754,0.3261840257606699,0.16235495039988226,0.36520543098167124,0.04175353505644629,0.2815782364378462,0.02704710175402972,0.3397558615148959,0.18668534307339157,0.2176330193965116,0.1899264588976481,0.1899264588976481,22418,3917399,174.74346507270943
1985.2,0.14158896925372583,0.4643941043785634,0.16768083155154823,0.6039622233626785,0.12619502218927908,0.23951989117645026,0.11062643405005107,0.262850750358975,0.17047810613285205,0.3319254653781125,0.1754916134332369,0.37286523549445444,0.05171893431970737,0.28365888054000943,0.03759810138997252,0.34743978984857626,0.19810423684642225,0.22287578652478784,0.20484980599748817,0.20484980599748817,18919,3327068,175.8585548919076
1985.3,0.13864935020178223,0.46953243446967785,0.17165191529489324,0.5969970145800424,0.11997427233488571,0.24174457141349837,0.1134621494471014,0.26218000437485506,0.16710073710472045,0.3294238803314476,0.18266576062439277,0.3680446792784035,0.05232309611148857,0.2848317518599054,0.03931577467916932,0.3442929876471138,0.19272079699933609,0.2194684388125945,0.19726365757999945,0.19726365757999945,8163,1436543,175.9822369227
1985.4,0.1356660040683644,0.46680463099060376,0.15054044586825072,0.60900611063854,0.12866442278220291,0.24011782321762018,0.11109412170463628,0.2628125166429144,0.18000179011659515,0.3312054710391953,0.18686676664846227,0.374439925179781,0.05310902557532725,0.2838179296375804,0.03877117678350701,0.3445450120365214,0.20005778955829648,0.22225275944492254,0.20483719998955904,0.20483719998955904,13604,2537284,186.51014407527197
1986.1,0.13283018889683934,0.45895746759915607,0.16910649193547905,0.6024746521378502,0.1283670602305567,0.23826415273247048,0.11634285950524562,0.26443317311306597,0.18018354566912356,0.3306887042886215,0.18844951095579446,0.37425046441395193,0.053425339366621305,0.2810897181260642,0.043086952899215075,0.34744715053599606,0.1989816793208644,0.22065599044711326,0.20666100535360954,0.20666100535360954,20285,3504287,172.75262509243282
1986.2,0.14419477881101456,0.46708162238168227,0.17263331933908813,0.585853830362187,0.12336029534965902,0.24134098278767788,0.114203099265969,0.2616453692742114,0.17029997911086525,0.3294857402475758,0.17914536910436066,0.3680590331039386,0.05203604803672374,0.28432122128464854,0.042525287533784456,0.3414090586015367,0.20012656534933554,0.22408512782105702,0.20645129667954581,0.20645129667954581,20609,3448379,167.32393614440292
1986.3,0.14584564864929894,0.4658195525848549,0.17606311542698516,0.5951774013403841,0.12181024647840073,0.23911876180400482,0.11615681461192237,0.2599013431748918,0.1670983248374818,0.3320697473037107,0.18239165344651215,0.3736053143725248,0.05298490729733809,0.2810214186061929,0.047242733087375637,0.34354951588537475,0.19632826746448903,0.22344943937634595,0.20943832100628615,0.20943832100628615,7899,1414712,179.10013925813394
1986.4,0.1322628417351101,0.45938955211043747,0.16116555336250293,0.5993617835377497,0.12052131774409033,0.24042003081889138,0.1075853630062422,0.2621987925434872,0.16858094286500866,0.32924682097162383,0.18005531971438207,0.37119483990272273,0.04408795414160229,0.28153393545449196,0.03420955284078893,0.3440092089330001,0.19569562657131337,0.22226475022672024,0.2032805811004158,0.2032805811004158,15298,2743129,179.31291672114003
1987.1,0.14025068614317662,0.47607251172322407,0.17320789843627407,0.6077597530152336,0.12475468212834279,0.2412077041830045,0.11176249394108392,0.26120264778422303,0.17643477439369146,0.3315246259939255,0.18240714981319864,0.3727935674986111,0.04882543393967666,0.2857104209457626,0.04280660288349225,0.3481431982422563,0.1996189249496085,0.2232835318001941,0.20717803026743717,0.20717803026743717,20249,3676978,181.58812780878068
1987.2,0.13137479932477103,0.48090526676500134,0.16937541333482184,0.630197902624727,0.11511102841703003,0.24207817551695018,0.10631993097030823,0.2657252379645609,0.161159352904714,0.3303213892792492,0.1713519938215052,0.3763457078609332,0.04792025563809272,0.28573668368207256,0.04358762619857383,0.3510274447711951,0.19334945922653501,0.22139508945593472,0.20403335782457563,0.20403335782457563,9009,1692777,187.89843489843489
1987.3,0.1635044000028035,0.46903750014640805,0.22166916884280435,0.6092652408601539,0.12780148594870955,0.23690354087725587,0.1247317148032765,0.26000898535705413,0.18030096062017936,0.3281321114930212,0.20117301493369708,0.3709275272483212,0.06405138609154702,0.2808205365974102,0.06977760432417265,0.34792459733767367,0.20641782998590963,0.2219177577337796,0.21779764815032052,0.21779764815032052,6513,1282283,196.88054659910946
1987.4,0.1399090963726531,0.45936493570351783,0.16969117176368595,0.6083318699283226,0.11915239229759861,0.23603981953977424,0.10920818230261747,0.260802756646363,0.16731661856123733,0.32595890807658134,0.17702018930802707,0.373530797221731,0.047436658011957455,0.27417286529241164,0.04194701910453715,0.34429361421804167,0.19669533016914556,0.22045611671734908,0.20598794549718566,0.20598794549718566,17420,2898551,166.39213547646384
1988.1,0.15267168312780025,0.4687189426153699,0.18243787305827502,0.6137272891532799,0.12348909716993878,0.23884198588808378,0.1125068647369235,0.26201887626206494,0.17353616897128948,0.33006175579452474,0.18088175198569978,0.3755722001585206,0.053225545234556595,0.28256789613958655,0.04645511127534572,0.35501914694686815,0.2003447774563347,0.22321320479059348,0.2079681591946712,0.2079681591946712,22725,4001067,176.06455445544555
1988.2,0.14170588695011213,0.464852669383324,0.1694697818559567,0.5984372238308663,0.1166533270925113,0.23837713042873748,0.10850263369393832,0.2581290126424762,0.16112619894014757,0.33029123880651595,0.1707200102365597,0.3690053236235788,0.047574207091440675,0.2774551126282946,0.03972801204172401,0.3391756944557166,0.1923811475696434,0.22142216439771506,0.1987066144444343,0.1987066144444343,19896,3360986,168.92772416566143
1988.3,0.1448921431415546,0.467365766755259,0.17760270035919246,0.6178548846311247,0.11731862136709946,0.23884299968107764,0.10978791953383941,0.2634456278251115,0.1654567957915966,0.32920669487463644,0.18020220759661978,0.37202398721132124,0.045306433681889996,0.2833503535715948,0.03804093657258367,0.3493943936239151,0.19852649210346604,0.2255006712205645,0.20564807147001016,0.20564807147001016,8377,1502334,179.34033663602722
1988.4,0.1409890267888614,0.4692750715131307,0.16157140762125752,0.6069303050569563,0.12055588122082915,0.23895692010741218,0.10668975037381888,0.2625407491608112,0.16757913365489632,0.32976989304240506,0.17548548351872975,0.3733342247590361,0.04882558405871408,0.280846514861921,0.03584522916241072,0.34612955748219515,0.19333364988156249,0.2222968637533716,0.19974773126965525,0.19974773126965525,15204,2750617,180.91403578005787
1989.1,0.13297173281416017,0.4718460924044129,0.1496005568879989,0.6186441062838086,0.12078794790373215,0.24221083341533725,0.1055264145097003,0.26463985663435274,0.17446710295250759,0.3312686779401502,0.17494623582902316,0.3769052794191937,0.04280911839277835,0.28359781006964657,0.029941757715460385,0.3529913048285146,0.19451023818037874,0.22328384276432847,0.1996636096079998,0.1996636096079998,19972,3554466,177.97246144602443
1989.2,0.15782321215531994,0.4740363553921993,0.1843134409117817,0.6035312174407209,0.12112507989315384,0.24088678610860295,0.11300817506165457,0.2622724680997729,0.17090057550655896,0.33316279259561904,0.18114315374270512,0.37469233821922837,0.04887157428629788,0.2838418138803157,0.04085895903089573,0.3472546268667446,0.19802216265455252,0.22564414341243552,0.20682358423816974,0.20682358423816974,20753,3738856,180.159784127596
1989.3,0.15633289095525418,0.4846316759329312,0.188168070969617,0.6112434067468673,0.12656797058506644,0.2458030138626514,0.11885993152591819,0.2661812957983307,0.17486487721010235,0.33634000591752394,0.18681502132770736,0.3762650890454094,0.055739478683428524,0.29272323608680373,0.04712384145288053,0.3500328951059816,0.2076247344900941,0.23352447151739175,0.2190743836448879,0.2190743836448879,7300,1367396,187.3145205479452
1989.4,0.1463782287146085,0.4574492819473178,0.17827991450341538,0.5951520735282474,0.12178490345034902,0.237443617545648,0.11416367747367034,0.26343476700766827,0.16819735131358693,0.32563159443252065,0.18255467965785369,0.3711935326918515,0.050952207516375504,0.27530141402498204,0.04335203527202537,0.3406644383982251,0.19891939668454206,0.22523138978481513,0.20897823447363173,0.20897823447363173,17625,3019565,171.32283687943263
1990.1,0.1410405379636993,0.4564801113683805,0.17236386963759284,0.5913491738095927,0.11996596304906675,0.2384915684670847,0.11133627068741259,0.2604103808958363,0.16821724030236584,0.32834555397556525,0.17402586279388976,0.37090618004303866,0.04612548697108866,0.27643500853086383,0.04007354271285809,0.3414720994215815,0.19519582680736774,0.22190226311110198,0.20239782661720887,0.20239782661720887,23296,3835896,164.65899725274724
1990.2,0.14062736113670082,0.4548191981098447,0.18206465895014562,0.5853408029251089,0.11821142579776359,0.23688121750090757,0.11330028261998691,0.25921004437014084,0.16430026276627852,0.3264659990978921,0.17765110923746188,0.36863593075685885,0.04726715449716801,0.27591701141805536,0.041643017625862984,0.33941887257012443,0.1952198779210951,0.2214466927226045,0.20587443107575212,0.20587443107575212,18245,3077485,168.67552754179226
1990.3,0.16509147703086158,0.4673548515643277,0.18814372174573385,0.6207567526512886,0.12753232691939786,0.23873547407191809,0.12080176268204623,0.2646644006495985,0.17471495177264226,0.33214824014996464,0.1923152826804771,0.37668713455205993,0.058654054727977335,0.2817478730308565,0.0489088630456922,0.35020616445682595,0.20381740297347503,0.22508081400835425,0.2140581289723035,0.2140581289723035,8044,1427456,177.45599204375932
1990.4,0.1544706965553487,0.48624236109051977,0.16560404560572456,0.6234978862760836,0.1308667689152592,0.24470082272865562,0.11268149683620768,0.2679523772441204,0.17704249707032196,0.33739747579020074,0.1767331495474733,0.3794135186854986,0.05889923099314168,0.291001190765857,0.040709210331120016,0.3564305002555261,0.20498785254601992,0.22679829224076,0.20713447949851937,0.20713447949851937,15838,2877865,181.70633918424045
1991.1,0.13448515268087494,0.4838718309243207,0.15122915034206055,0.623144113138553,0.1255022505865903,0.24627018670437648,0.10769352861465849,0.2673969362426266,0.1697258592132676,0.3364597266021084,0.16630291592554633,0.3768453565349912,0.05192891371349427,0.2905310154214235,0.03768983652970625,0.3531552717767493,0.20359041540596484,0.22895461634309638,0.20340498257361075,0.20340498257361075,19625,3475531,177.09712101910827
1991.2,0.14871584616963732,0.47876746783175295,0.1757388270059232,0.604526434023655,0.12049315182668628,0.24323877679378694,0.1119246668773411,0.2644055305717834,0.16924821220670622,0.3338006105368582,0.17674579535530885,0.37225391748842795,0.04843529375333191,0.2855732864547363,0.040714954320814,0.34765899098657993,0.19631883159493937,0.2255943576647345,0.2046357805293853,0.2046357805293853,18114,2997458,165.47742077950755
1991.3,0.14500442397350688,0.4782294896849827,0.18089995925275387,0.6037690246354012,0.1261033511740933,0.23947495416087503,0.11790272459866402,0.2602909021158097,0.17475038013374086,0.33138603399401856,0.18513950051954703,0.36907786133772896,0.049016918654008534,0.28805104067933673,0.043142540055841005,0.3467284446420085,0.20214458538480953,0.22426633275293478,0.21095001183295842,0.21095001183295842,7394,1311110,177.320800649175
1991.4,0.13957128508036104,0.46336598556512526,0.1671624781311246,0.607143335898262,0.12377897785461901,0.24088454534759102,0.11000060769756098,0.2636350323709164,0.17035288757962053,0.33423563046428545,0.17774666339558118,0.376832187967971,0.054509586328050946,0.2877473779842334,0.04653793161778678,0.3482127001200844,0.2003920923850026,0.22472836010440284,0.206952376321034,0.206952376321034,11733,2100355,179.01261399471576
1992.1,0.14058410005879968,0.48371860795325033,0.17666095810573412,0.6178915060390645,0.11582679001666592,0.2431085093589199,0.10784232691549413,0.2638755438229267,0.16332810794303848,0.3315798516683492,0.17149620611838984,0.37224876241385696,0.04668928322468766,0.28790167440535114,0.04173783926035338,0.3509208520357814,0.19657429962651699,0.2250021725299033,0.2064632078224254,0.2064632078224254,16604,2821099,169.90478198024573
1992.2,0.17940095556112234,0.4812131451938908,0.23520033521543388,0.6358684660591083,0.135169230839231,0.24335109813736916,0.12931778751728376,0.26872126120529344,0.18823967717230528,0.3362208278761388,0.20417900784067933,0.3828153769231966,0.06919760344403897,0.290488150333608,0.06571399124850226,0.35701844904268204,0.2178502823862679,0.23264871515635763,0.22856904295314392,0.22856904295314392,9967,2062730,206.95595465034614
1992.3,0.15125481090780646,0.48918273152124847,0.1736140293152372,0.6253302298511447,0.12769618755456438,0.24786417998286928,0.1119150512993753,0.27004501468244235,0.17498024410015114,0.33848306432957226,0.17397349536339826,0.3827356947941263,0.05169248826368771,0.2935466033866941,0.03886605103585693,0.35672442643078384,0.20730437357730552,0.23166924176272835,0.2072237198610854,0.2072237198610854,4391,897146,204.3147346845821
1992.4,0.1533480756984836,0.47489052804450943,0.1779781925765048,0.6297555663475044,0.13147569871164283,0.24018895406212726,0.11618015860852317,0.2641945451183027,0.18307785149619477,0.33141778786743975,0.1895150977888305,0.37465855402620946,0.06125800485551479,0.2826244902887971,0.05241846219452734,0.3577443948545895,0.21140475708950496,0.22619258093981298,0.21545084767122044,0.21545084767122044,15118,2654573,175.5902235745469
1993.1,0.1616327516562752,0.47765265822084796,0.19448291325571432,0.6117294392961578,0.1309998127670679,0.24258914961328137,0.12175736239012386,0.2621462680044935,0.18253202265960217,0.33533780517455675,0.19013157629118177,0.3736544869524658,0.05688184181135553,0.28335467035659245,0.051185209606328656,0.34482331622411144,0.20568016553003898,0.22730402101207275,0.21165172716295538,0.21165172716295538,23139,3650244,157.75288474004927
1993.2,0.15813364825617918,0.49041444072054197,0.18463124276455642,0.6307365330603579,0.12900362285097713,0.24457789714832548,0.11673727433967658,0.26583888594467386,0.17580855046543223,0.3358325819981432,0.1816794207760039,0.3810780381987675,0.059724436932116924,0.29132273493056143,0.04901941516060234,0.356796534144914,0.20586420443505046,0.22902193819167813,0.21015804695140536,0.21015804695140536,17163,3196683,186.25432616675405
1993.3,0.15764366609570732,0.491946015679307,0.1689205849863399,0.639846103919086,0.12480846680695945,0.24440565990879723,0.11041242603433066,0.2663976906399557,0.17151020986644594,0.3362103110336134,0.17672161627450417,0.37812815152693274,0.05459467809609873,0.2883511828009805,0.04053819556754675,0.3537005260199217,0.2076415857148506,0.23143649048556172,0.2076468664570407,0.2076468664570407,6516,1265254,194.17648864333947
1993.4,0.15903512605027453,0.4898901459175582,0.17915577262589685,0.6241585987231043,0.13267167602245958,0.24532916331886992,0.11700250769155462,0.26358541572234995,0.17818876055054228,0.33230541506429684,0.18436551983378338,0.37335258065299715,0.06378674237840949,0.2905835255636851,0.05655637716579065,0.35300080922321786,0.2114867658798823,0.22826415602342454,0.21392207457079784,0.21392207457079784,11630,2224769,191.29570077386072
1994.1,0.156129472385952,0.48612887769913526,0.1858271603288063,0.6265025535173325,0.12566998142263505,0.24455021301620758,0.1139323578389754,0.26337128997833104,0.1751146844075355,0.33457311373810167,0.18044395073819428,0.3776388255244815,0.05325558797541362,0.28686396931981045,0.04748194895106823,0.3506633047432521,0.2066474372662081,0.22746735960880113,0.2109127503413766,0.2109127503413766,20927,3627475,173.33946576193435
1994.2,0.16392157393023776,0.48873080372842925,0.2062643886109273,0.6353768315477624,0.12970615798587998,0.24472546731420308,0.12375383705369412,0.2679249837111206,0.17670434729235748,0.335016788071539,0.19281380546327662,0.3790005027324518,0.05776018448873221,0.28870382540682743,0.05508647514100687,0.35812701083434345,0.21418831649788392,0.23105344921728022,0.22035221729799764,0.22035221729799764,15392,2619078,170.15839397089397
1994.3,0.18470973093673826,0.4963333951427915,0.22386569181338783,0.6548814664606668,0.13338648247356302,0.24314893574915591,0.1242391332020906,0.26533335040576955,0.18823179670448448,0.33584337510219964,0.20267216761089812,0.38524887220885873,0.06607326137550787,0.2922847783189352,0.06446365109144554,0.364449815277624,0.2224491402370416,0.23450420837427652,0.22914368413199465,0.22914368413199465,5365,1033614,192.6587138863001
1994.4,0.17699532249384603,0.5129553713179981,0.20143780373962009,0.6723301715070238,0.13777346658740022,0.24952291956766984,0.12086291614900703,0.2725645609532432,0.19116170494016071,0.34106348873001174,0.19061705137763654,0.3880839783536537,0.06647898075052598,0.3025008350948339,0.05777412205952747,0.37031141719318156,0.22162811170828767,0.23646745032617386,0.22037951645778087,0.22037951645778087,11495,2323857,202.16241844280123
1995.1,0.1714123541863897,0.49595598748382175,0.21519066397470582,0.6480224312364549,0.13174436868949627,0.24533501327641027,0.12248549218355287,0.2689866681918979,0.18500530268337012,0.3380929354283569,0.19356128985824378,0.3855622153631999,0.06171016822355281,0.2929897064136351,0.058567655078354285,0.36342603939020235,0.2154857952152574,0.2322855518521023,0.22217175268873526,0.22217175268873526,20844,3771325,180.93096334676645
1995.2,0.15502626465119354,0.4821360245868775,0.18888211986995115,0.6523864641374193,0.1268116128960128,0.23884861636205323,0.11963995484636353,0.27125456873653075,0.1758213402420649,0.33307187854674514,0.19079950957283914,0.3882438552500752,0.058741308200162955,0.28882628895041756,0.054088143577078064,0.36805418529926676,0.20824062725741868,0.22830086752316747,0.218949084039608,0.218949084039608,15011,2852488,190.02651388981414
1995.3,0.19187726099456553,0.4867675046187613,0.22600051331878182,0.6636780150924665,0.1385381944569954,0.24420069186187537,0.12673506458828732,0.2755657794288051,0.17436222668113938,0.33281697751494577,0.18430433382102832,0.38349197251862033,0.07955186528590445,0.29464578922947426,0.06730179083501281,0.36747160488948255,0.22136984202823914,0.2332247325903712,0.2236717260895076,0.2236717260895076,4328,872557,201.60743992606285
1995.4,0.17063250854795523,0.48980093162029636,0.20710980532860052,0.6629652629096657,0.1318335019913983,0.24124563389149,0.12168666353019932,0.2716711616336078,0.18329920965889365,0.33776491198202785,0.19355284686894716,0.384477797085091,0.06516027673210656,0.288076812780582,0.062209487481586695,0.366809743309549,0.2149721816866205,0.23034627079077577,0.2245258735204665,0.2245258735204665,12558,2550652,203.1097308488613
1996.1,0.14859141255335975,0.4904675685608077,0.17288424927716897,0.6473459164433397,0.12148141716961303,0.2407558608893896,0.11177942757749981,0.27028657221305197,0.16943534332562363,0.33543173972580537,0.18064562571537998,0.3861214910051939,0.051748568801451025,0.28690221644884756,0.046997969480561355,0.36482710589949835,0.20218091360328272,0.22803435068039876,0.2128469136475124,0.2128469136475124,19721,3651276,185.14659500025354
1996.2,0.14426611258569147,0.49788777086463404,0.1812833397354484,0.6450608931982328,0.11818747475018176,0.24231355515556227,0.11553692305868803,0.2696601810189517,0.16499890563040226,0.33573334696471047,0.18635220528969781,0.38165987090691,0.053632565286756896,0.29030728205250633,0.04940250027355567,0.3595916289402933,0.20237010459979995,0.22974705448272412,0.2158279211067263,0.2158279211067263,15642,3014393,192.71148190768443
1996.3,0.15313330820191892,0.4945914324961172,0.2154873420744119,0.6647095729928897,0.12298413664655893,0.24343365086608335,0.12464457034023577,0.2699233705788801,0.16478889759389562,0.33582226437474483,0.19401106011810068,0.3913476482585806,0.04985563988242627,0.29730814004684314,0.057312785895533944,0.367397739762376,0.20740105331529743,0.23006111317460778,0.22498846054790175,0.22498846054790175,6024,1124820,186.72310756972112
1996.4,0.1357303018538855,0.5000548857427144,0.16258578550252328,0.6716885130001364,0.11931825855995788,0.2434225581388978,0.10925715874390142,0.27345979708424023,0.16043692979844473,0.3385722726160982,0.17143267672306856,0.38847812295048434,0.057394565156567066,0.2958199810270175,0.05007720432490899,0.3684959130644385,0.20130178203394036,0.22891439198764238,0.21266983121481206,0.21266983121481206,13328,2705801,203.01628151260505
1997.1,0.14485859217852223,0.5076138054478413,0.16409097580220502,0.6758926675344681,0.11741220741046049,0.2439472153700243,0.11008163808283127,0.27405839715247604,0.16393640430083037,0.3406562571692964,0.17684397964040838,0.38899031869237377,0.050488608977934134,0.2969501159552333,0.04147067708373322,0.369964436780804,0.19871398235163218,0.23008320007730682,0.21041353526832035,0.21041353526832035,15072,2856599,189.53018842887474
1997.2,0.20783885104028188,0.5090262042658409,0.27863901125814067,0.6829838565302365,0.1444343206969365,0.24473515343989147,0.1444180198043151,0.27443138248360033,0.18304010282486002,0.3389085947810209,0.21673279979196988,0.39373659902838226,0.09177253615590668,0.30822953956908805,0.10119656615915268,0.38188348780233006,0.23674564596414932,0.2378647727723817,0.25212154627111055,0.25212154627111055,7833,1725924,220.3400995787055
1997.3,0.19685611090077598,0.48368698525214177,0.2436448624827266,0.6587851278723614,0.13986590258729004,0.2415013715760344,0.13073900136054042,0.26927115407703,0.18366952614544774,0.3365231717117437,0.19699615465878376,0.38991990298334733,0.07544304708413234,0.29683440281361034,0.07993625069091706,0.37300096170399566,0.22955484833409645,0.23381066922458682,0.23410977009575182,0.23410977009575182,7203,1412215,196.05928085519923
1997.4,0.18548000775313306,0.5011760312400417,0.23414607660394127,0.6387897444915704,0.13805595263179743,0.2449502397087641,0.13367147588647596,0.2702701341164599,0.18686375893998328,0.34083182902358933,0.2103361985199817,0.38676905810301265,0.07309776400942186,0.3007976776697842,0.07458540535355947,0.3671803318291721,0.22594290037628362,0.23829000401205652,0.2371362458993354,0.2371362458993354,13156,2507723,190.6143964730921
1998.1,0.17296315031873807,0.48567632267822236,0.2220089539170222,0.6225810141301777,0.13021505567621805,0.24366079467112153,0.1271625184520813,0.265979840480029,0.17108166324022483,0.33778746632798745,0.19062909682094548,0.3792415587590847,0.05762454459583299,0.2972645746029364,0.05934963971542556,0.36258206999491677,0.2139186014803391,0.2331057444204067,0.2243010893899175,0.2243010893899175,22672,3878068,171.05098800282286
1998.2,0.17518815986816624,0.5189344738990038,0.2121681614159355,0.6635970439112717,0.12971345898718176,0.2480950030430838,0.12071342590847726,0.2727975581648309,0.1730325237271537,0.34532233823560116,0.18675773021103692,0.3903722275338643,0.06443653455289611,0.3106713402998372,0.05950282623590272,0.37784598874038056,0.21847472803026666,0.23654871436679156,0.22388327817575696,0.22388327817575696,16893,3118445,184.59983425087313
1998.3,0.1812817731165749,0.5189416816324774,0.22938371100670524,0.6581611817995467,0.1333166851531315,0.24888561314969604,0.13045971754803998,0.27121155044967,0.17810433097665207,0.34633878433261145,0.20101172095773018,0.39568235099154936,0.06496085347733885,0.3087837063981901,0.0680803162337623,0.3753676115282362,0.2193961346874592,0.23672483939364508,0.23338666231159022,0.23338666231159022,9043,1682750,186.0831582439456
1998.4,0.18172273346676718,0.5115033243315067,0.23027946888976344,0.6594574935865701,0.1343423725930651,0.24358028886832012,0.12789387253673032,0.27014749553902373,0.17508183928624416,0.3397871121190413,0.1976560299048048,0.387635935667851,0.07286277323005465,0.30796924081847044,0.07334322751777483,0.37262914151183896,0.22796771904160937,0.23760819977561903,0.23792445254788033,0.23792445254788033,12912,2518119,195.02160780669146
1999.1,0.16914506296389617,0.5188656707767417,0.20346466048029369,0.6602595918181282,0.1310919798731632,0.2509413410853539,0.1236377876893218,0.2739896349578859,0.17261383417198667,0.34588394541292017,0.18538320094129795,0.38882680699453825,0.062019808731273836,0.30979101352955707,0.061601691389935896,0.3711289000387233,0.22015633491841222,0.24068122404182002,0.22733129842636152,0.22733129842636152,18973,3470560,182.92099299003849
1999.2,0.1638529481033946,0.5294305265823943,0.20025025980091457,0.6790782895133087,0.1289683214519713,0.25109487874215125,0.12105094573058467,0.27776106158122627,0.16578486838376888,0.34489283325312853,0.18128143037249056,0.39254200466715816,0.06248368208031377,0.310438706053193,0.056050557055327216,0.37838355902665066,0.21756631635260884,0.23879310925929031,0.22761671056570645,0.22761671056570645,16488,3318466,201.26552644347404
1999.3,0.169242448513557,0.5030499897252685,0.20665861698863663,0.6448370812082903,0.13172470013360335,0.24793773962033502,0.12548273424057801,0.2720508356092656,0.17203689936974312,0.34144353299233676,0.1902593851231242,0.385811101793611,0.06437870992702645,0.300099343003955,0.061306266727188564,0.36416544422449376,0.22329289342817213,0.2369830873044635,0.2317117575503828,0.2317117575503828,6709,1210868,180.4841258011626
1999.4,0.17194363322137687,0.5051108654619042,0.21849682384804078,0.6474003154969311,0.13412582021229733,0.24950451056009298,0.1286305313584514,0.27367963233494075,0.17009942535050487,0.34300476645193323,0.19145310667633816,0.3884460778699903,0.0673419061169214,0.30664404812303936,0.06857518506672103,0.3710089445885837,0.22434595387575562,0.2386476764625564,0.23511017952930177,0.23511017952930177,12625,2409023,190.81370297029704
2000.1,0.16259941544195333,0.4997615036012118,0.1982918021546207,0.6362084449066554,0.12561020912581503,0.24967594374694327,0.1208223801312629,0.27318871102607006,0.16317160347844134,0.3381163722040534,0.1777159826351068,0.3814206601718404,0.057155180206080604,0.30064519931904055,0.053539714278558886,0.3629451926052542,0.21336282110398253,0.235595458642501,0.22073824367423478,0.22073824367423478,20035,3428586,171.12982281008235
2000.2,0.1633189600060674,0.5045655125658752,0.19838359911651265,0.6394080493563273,0.12829054625332237,0.24860542330229257,0.12329548874440371,0.27226530859924675,0.16688859020568383,0.3435474936058963,0.1828336173593501,0.38415211052550735,0.05914577774152153,0.3046714484065894,0.05574053733900425,0.36478105211604145,0.21915251336860697,0.23742221633237695,0.22676232834304064,0.22676232834304064,17358,3099639,178.57120636017976
2000.3,0.1572522458813923,0.5127619878778716,0.18858262468327072,0.662313961421456,0.12431062841846366,0.24933279172389008,0.11686253403123595,0.2723502405663891,0.16302939670743538,0.34121142341396976,0.17301844866980223,0.3839894959905473,0.05811472565835032,0.30907753028638174,0.05507082688933042,0.37248022840516254,0.21690185083071273,0.23518706146475038,0.22295754291426242,0.22295754291426242,7027,1252200,178.19837768606803
2000.4,0.17420904674118998,0.5161275745272933,0.22106700933387297,0.667728481204305,0.13340572224896635,0.2535023591180496,0.1259587598445438,0.2756836947121927,0.1750399601963731,0.34683768645755103,0.19177295282650067,0.3882518626404762,0.06768196333560271,0.30977252288669654,0.06505013861533226,0.3759599760789757,0.22223670460009473,0.24033441479981682,0.2300752226443186,0.2300752226443186,13172,2382855,180.90305192833281
2001.1,0.14472597391842512,0.5186701587964233,0.17339845634248113,0.6583752557170279,0.12310497940306649,0.25543169207565836,0.11587827922878169,0.2778616323708948,0.16439198237948768,0.34703527247841093,0.1755592185730581,0.38885649011250006,0.05315141521662046,0.3118088840985817,0.048244529288339,0.3760626801729414,0.21352372957072813,0.23909676652318942,0.22243090811011168,0.22243090811011168,18258,3291507,180.27752218205717
2001.2,0.17052255210603523,0.5347701850160566,0.20717290615044517,0.7368595995969989,0.1281684628501249,0.2564793358254608,0.1334836346773508,0.29539934136959023,0.1653673010467354,0.3477908556276953,0.19436493956717318,0.40855459096753605,0.06004494527767568,0.3233218111940747,0.07796228690533256,0.4244127228845709,0.22063786124938217,0.24133682926722178,0.24366901146301828,0.24366901146301828,8511,1619868,190.32640112795207
2001.3,0.23331680238155447,0.5869647155204124,0.300533902457623,0.8043379614590013,0.15475083242440943,0.26079250162279694,0.14444586764016698,0.28848447673998673,0.20865414363972026,0.3654494236772096,0.24045858164512146,0.42664498273231766,0.09736139432152932,0.34175392631465495,0.13478460075893817,0.4410383049798581,0.2494314790165426,0.25474710208166124,0.2716954224196417,0.2716954224196417,4100,851400,207.65853658536585
2001.4,0.17585764065902676,0.5679703013716778,0.22103777949818973,0.7649622131225577,0.13354764787097398,0.2551044883552456,0.12798253062442166,0.2847400790972174,0.185190135811411,0.3553067452504749,0.2006807555806412,0.41609025909750413,0.0576815919201928,0.3347648685616996,0.053410577620796304,0.42199047297890663,0.23431411681904538,0.24629177063904745,0.24434987508945316,0.24434987508945316,15599,2873087,184.18405025963202
2002.1,0.1882498297400108,0.5722487093291775,0.26204843599745953,0.7880949734821574,0.14266663774067673,0.2604884145639345,0.14571937371066077,0.2878066793018582,0.1936884567307745,0.3593156808950407,0.2217456504034156,0.42045240927947286,0.06905042902688938,0.3349062482374229,0.08064310298190053,0.42831653856849844,0.2406868577089687,0.25021576008173313,0.25733456273545363,0.25733456273545363,15147,2860863,188.8732422261834
2002.2,0.20726643995220395,0.5955764742394958,0.2672520118325897,0.8082594595135851,0.14504820812243638,0.2622108306756391,0.14342745410792113,0.2869004077238869,0.1955067703792851,0.3693469362059476,0.21583792485525757,0.42788124158832086,0.07937964500440109,0.35874493542907815,0.10668063166828463,0.5760021465665904,0.244397248529113,0.25452764546155165,0.26201239447313585,0.26201239447313585,12583,2528045,200.90956051815942
2002.3,0.1886532110257349,0.6074836020309697,0.24227785882111333,0.8164509744521329,0.1325190430664697,0.26252124751660355,0.135300432733065,0.28777197219356593,0.18229737605043103,0.3714339139757811,0.20732908825213783,0.4251481538772787,0.05779165525934341,0.3424397786104658,0.06397935773643147,0.43592521550648167,0.23274936858181625,0.2498979829551497,0.24913517872980823,0.24913517872980823,6396,1188767,185.86100687929957
2002.4,0.18226492031370256,0.5705242503899606,0.21867633265784372,0.7731503285046748,0.1406523014893067,0.2589564982256394,0.12707179968765686,0.2830507979497611,0.1880721415433253,0.35961615938972,0.19803971154136843,0.41929110399521696,0.06470479659249741,0.3317682337021715,0.0604809704407596,0.422404145135242,0.24080466117391408,0.2497687980851391,0.24301543585428134,0.24301543585428134,14476,2441837,168.68174910196186
2003.1,0.1781579606773692,0.5739225230364391,0.2177625745091512,0.7625621012396304,0.13652297047261855,0.2575912073633354,0.13074024092422562,0.28127010302521516,0.18935378217035054,0.3605979579806929,0.20540981308787923,0.4146968963300355,0.06438273824263734,0.3318094119934173,0.05963936935117504,0.4155810098968319,0.2357514685288757,0.24815296575059048,0.24487796443463566,0.24487796443463566,17568,2976435,169.42366803278688
2003.2,0.18405931993393654,0.5900889224906388,0.2237876318360746,0.7873636547415702,0.13870480026873394,0.260199709780897,0.13428157214727118,0.2901362046788989,0.1886446665432852,0.366054695407955,0.20884734798432072,0.4744698873627665,0.06829938383734259,0.34386028783926204,0.07181806917667269,0.43816603665543624,0.237832107515186,0.24904372754801038,0.24877658914782597,0.24877658914782597,15978,2678501,167.6368131180373
2003.3,0.17680920515792073,0.579192366180904,0.2613459601857848,0.8569841611151081,0.1290851119982239,0.2540373064309179,0.13027176674864596,0.28394985583001214,0.17987599039258315,0.36220957763868195,0.20247269067079415,0.4290549535382043,0.06434516509757979,0.34091221166073826,0.13551538688744344,0.5683183949802297,0.23301596852652487,0.24696020361227733,0.25179809552293897,0.25179809552293897,8236,1401713,170.19341913550267
2003.4,0.1967318805717816,0.59570047197808,0.2495503638300475,0.8215991292907344,0.1394929692326502,0.257271272333986,0.13842476834902062,0.28498321914607483,0.1956616005287793,0.3626629222812785,0.21724640343587612,0.4269059732951366,0.0665557978768145,0.34659896081872604,0.0764811396809798,0.4434595021886294,0.24152474779686064,0.25068049060276565,0.258151730024008,0.258151730024008,12360,2190942,177.2606796116505
2004.1,0.19340032890688752,0.5762788465342886,0.2636327793766161,0.8123659814727521,0.1394549109417476,0.2573694936514392,0.1425791953138624,0.288447766941471,0.19266226720182847,0.3602464801461293,0.22337485683914493,0.43172639198591584,0.06831725394535465,0.33973489236716725,0.09774644289332293,0.4893621560572132,0.23999002939760367,0.24976356847467998,0.2626181501607565,0.2626181501607565,18053,3168730,175.52373566720212
2004.2,0.19536345614976677,0.5997226182024503,0.2531537350108398,0.7970191802157857,0.13585889486899777,0.2580858754128525,0.13553110304490737,0.2831669137111685,0.18512486852233623,0.36716349929800873,0.2049559959393959,0.42192020175635175,0.06461765146509278,0.3388269076495983,0.07087923888345392,0.4255247925623877,0.23763656936302724,0.2491671493001311,0.25461008571775307,0.25461008571775307,14116,2570266,182.08175120430718
2004.3,0.1801664580115755,0.591824850121437,0.14942121676378925,0.8700278974528978,0.1403835090838699,0.25910513494457243,0.13924872252126966,0.29077694739914084,0.18308923624082954,0.3673934654852778,0.19304554754710024,0.4417086575717317,0.07185638098964653,0.3509190150637874,0.08699751341439645,0.4901048914363518,0.2404814832179912,0.2505972216511261,0.2661608036262872,0.2661608036262872,7249,1323227,182.53924679266106
2004.4,0.20090819547530828,0.6161543008524315,0.24094365101412799,0.8395296241670404,0.14023303243255913,0.2616823991684326,0.13591660926891538,0.28827166861346426,0.1911130677288405,0.36693695444161045,0.21055445735839037,0.42636822554713594,0.07048357646019959,0.35163025829122113,0.073652660794858,0.4376775939689204,0.24411681939245028,0.2531678725331316,0.25843401627979173,0.25843401627979173,15021,2902485,193.22848012782106
2005.1,0.17544886340888233,0.6168087914996734,0.18442571872769067,0.8518645730139407,0.1360384603763448,0.2634530341167726,0.12690498168139866,0.2956642668628891,0.1871743087727732,0.36918848290065426,0.1984686026447141,0.4283878594424342,0.06943528341413881,0.3553011881860466,0.05754790463252905,0.48083614964405125,0.23976302028707158,0.2550455197681175,0.26316073925231986,0.26316073925231986,17909,3619732,202.118041208331
2005.2,0.23566418072753334,0.6604922462816376,0.39334194438690584,1.097918451812204,0.14995295162806582,0.26549708177383824,0.15516115556502255,0.3099797844309744,0.2001881762251382,0.37105196558905285,0.23435180089592905,0.4469057807810467,0.08031118670328688,0.3565904635843894,0.1067782098014395,0.4829889700874655,0.2544446607417916,0.2581574540681544,0.2805342956866017,0.2805342956866017,9483,2392105,252.25192449646735
2005.3,0.22644657612160804,0.6196147022460325,0.26750765567433243,0.8109683503206314,0.1471802828267392,0.26449551361337276,0.1386497158848103,0.2835108867003166,0.18958924815089276,0.37452073253076645,0.19704409539975323,0.4277023020702098,0.07909496636005818,0.35363796613190374,0.07854126169504747,0.4370618047238957,0.2501375315127504,0.256934498775841,0.2555732474118112,0.2555732474118112,4812,981866,204.0453034081463
2005.4,0.17624508715865936,0.6023560676817378,0.22068583449257811,0.797534672146314,0.1313341700553458,0.26032472895591174,0.12684143173343063,0.2854906455929783,0.18241813649328714,0.36497844939657736,0.1949480498381978,0.4197184624274651,0.0674879621711415,0.34454629834706463,0.06727405507878381,0.43279893884878645,0.2355994201410982,0.2504480392394325,0.248413279221051,0.248413279221051,19193,3588781,186.98384827801803
2006.1,0.21196529804199207,0.5950577567679239,0.30109082141344645,0.7959066516467943,0.1401264508368352,0.25778953654547615,0.14375838622332357,0.28327105230155886,0.19132139389735445,0.36366331928094475,0.21848984694842805,0.4177988216880946,0.07367722637481479,0.3430794840966025,0.09237440846226659,0.4323760688559374,0.244214478757955,0.25209975439825105,0.2605155309128124,0.2605155309128124,20201,3716044,183.95346765011632
2006.2,0.2160976266552411,0.6235345035767622,0.2759246878063718,0.8219641810304988,0.14379904656552234,0.26243784123568265,0.14530893761909078,0.2888822218434948,0.19871115927735278,0.3716074316239707,0.21869605480957618,0.431850468641386,0.0757635238565004,0.3533707339877786,0.08466409056014865,0.45366311557097294,0.2475745589042316,0.25814365282423324,0.2601808053126383,0.2601808053126383,16335,3353909,205.32041628405264
2006.3,0.20713603668530486,0.6359654854935439,0.2782704988319011,0.8637550761006224,0.13764393413419715,0.26058347890040184,0.13964587711086027,0.29040361639221735,0.19340317020077916,0.36814838035688685,0.2144013324322986,0.4272328798545736,0.08117069043898137,0.3553766429629443,0.09487456662685503,0.4506915691696598,0.24783832323700705,0.2591894887138675,0.26497446159706795,0.26497446159706795,6384,1433942,224.61497493734336
2006.4,0.1945715090486212,0.6296815333965989,0.2280764246197902,0.8296860673677743,0.13305739792417667,0.2636990684272892,0.12685760481490652,0.2885060696201441,0.18201904617841716,0.3732069579783338,0.19814169620205357,0.42705220939004723,0.06509576620260686,0.35656975838263366,0.06490730202735011,0.45508690707895,0.2428143357266047,0.25425258886355995,0.2506087290218767,0.2506087290218767,16454,3538292,215.04144888780843
2007.1,0.22043074488287254,0.6254387190550585,0.2772131044725218,0.8354712175541773,0.14300136628910165,0.2629924617872932,0.13729322823223664,0.289682564391542,0.19946332823508153,0.3742956822097426,0.21508203658041233,0.4307144869791776,0.0759913941008995,0.35543043666665786,0.09480902554017097,0.45131691082517666,0.24774534543553833,0.25590267747752665,0.2594461586159756,0.2594461586159756,20842,4495857,215.71140005757604
2007.2,0.21102844617830874,0.6288867751954619,0.26051759582294715,0.8332519599922846,0.14021476343482797,0.2631637748449476,0.1369071936055946,0.29061197245805465,0.1933015310383448,0.37101487566531016,0.2110028010800886,0.4285071630312946,0.07680803277984674,0.35509014257019383,0.08936681858582965,0.4487694861056622,0.2458513392584994,0.254493113229751,0.26089864107719296,0.26089864107719296,17512,3885402,221.87083142987666
2007.3,0.258563611629272,0.6379603259433744,0.3015419605863075,0.8393974521083675,0.16774266398724205,0.2704259149236956,0.16310544673548544,0.2968031591911455,0.22059233379919027,0.37691522993765325,0.2408202804923927,0.43430956272962307,0.10298441277987172,0.37075009702109,0.10681928934980116,0.4707529669773361,0.2788524472748846,0.2671949359477797,0.2874740428680325,0.2874740428680325,6658,1489643,223.73730850105136
2007.4,0.20519999564888572,0.6043084286676618,0.25925398764042185,0.8158575716725349,0.1421186911451139,0.25672798837830907,0.14216842994815818,0.2857092294222938,0.200730396594031,0.36283034080791465,0.22466217295490118,0.42527044102153566,0.07397519322838458,0.3448150366491683,0.07914945881819088,0.4402849327724405,0.24915877147701807,0.25251552228835245,0.2649407367273378,0.2649407367273378,15699,3354747,213.69176380661187
2008.1,0.20535337845957244,0.59267963095615,0.2607088496624149,0.8003334550055656,0.14034112012927613,0.2565954322292578,0.14005193935476173,0.28186862951125824,0.19314077011457767,0.3606816804474476,0.21496257730819404,0.4219933070711068,0.08000811957296924,0.34330113503051535,0.09374122236400491,0.4543703942170613,0.2429053178026984,0.2503025335354443,0.2595210615157784,0.2595210615157784,23075,4368092,189.2997616468039
2008.2,0.1964550553700987,0.6229652582169433,0.25849326183659355,0.8648052190519999,0.13521650786405964,0.2622169119177247,0.13892749808585134,0.2900920996701471,0.18535058258316547,0.36941955149996575,0.21413204907396566,0.43427455714356983,0.07461212714653036,0.36354274924457786,0.12486062260344546,0.49346641302670013,0.2413620689294491,0.25637855919656066,0.2630377185470543,0.2630377185470543,18556,3783727,203.90854710066824
2008.3,0.21422956784520206,0.6165655559529849,0.30930371150156843,0.8426055225092401,0.1420013340564614,0.2613306209665657,0.1470730402335409,0.2868533977047609,0.19562266421914154,0.3667971461283034,0.22166917181593804,0.4301110112823683,0.07911740673241605,0.3616952984168502,0.09586164417674706,0.4638596766291169,0.24386561771455237,0.25511012385388643,0.2637174380403038,0.2637174380403038,5172,1022924,197.7811291569992
2008.4,0.22311354529931202,0.6287288700721275,0.2884068124495904,0.860337321698388,0.1464477055761325,0.2625074342367189,0.14525758255828605,0.2917656260764519,0.19799102402414392,0.3701504921853379,0.21748776624405636,0.4367261425714992,0.084091653698801,0.3616060558278446,0.0911664730864425,0.46792625202727256,0.26000688203625216,0.26024268630072783,0.2720960064256375,0.2720960064256375,16972,3667886,216.11395239217535
2009.1,0.18629651716217993,0.6363304509341422,0.2152802946428525,0.8468128994609927,0.1361293474540855,0.2656424995878406,0.1286643933174642,0.2925111574908982,0.18508050177810254,0.3759759182639559,0.19570938835908724,0.44281846922712603,0.07666305657717,0.35934448815700354,0.07553806696556811,0.4573669629407808,0.24654327682643395,0.2598495087409937,0.2573714949616019,0.2573714949616019,18841,4006659,212.65638766519822
2009.2,0.21473199413679275,0.6541730444596177,0.26067501873384674,0.889970131713908,0.14171785489018962,0.2662358969507116,0.13830564999321035,0.29502043118710575,0.19535740963601372,0.37591574510400094,0.2138361786260891,0.44299509207279786,0.07997144354925667,0.36949964728772233,0.08347597768395293,0.473856576131482,0.25319702793816007,0.25923752269089256,0.26496935589661297,0.26496935589661297,16857,3771817,223.75375215044195
2009.3,0.21182425449327016,0.6365421242084626,0.2638732873280471,0.8621967431513493,0.13270361573827694,0.26152695005645077,0.12984578162399357,0.2902230103849394,0.17337244843353394,0.366998361687675,0.17861061547754245,0.4273436923703001,0.07241424430146962,0.36572824205749477,0.06485383342718881,0.4611339568950992,0.24456910987162356,0.25369415928265987,0.2551208350719721,0.2551208350719721,6477,1284577,198.3290103442952
2009.4,0.21587251684515119,0.6458117867719267,0.28587164993218406,0.8936654651642326,0.1408620931371717,0.26422623021032465,0.14481166070065432,0.29720663170960276,0.2027466831041255,0.37563990341896797,0.22304490515094452,0.4492151164292417,0.07815855394825777,0.3667009367360335,0.07549336789582077,0.5073100217096007,0.25363117479595954,0.26010448443278783,0.2807710792912758,0.2807710792912758,18231,3939238,216.07361088256266
2010.1,0.20210731912141588,0.6354084341442982,0.24875182447528799,0.8628768791378343,0.13843817468288744,0.26170211758981843,0.14067212080561706,0.2911604802544888,0.18951668386488296,0.3706567919513776,0.20904706284149654,0.4382742981481615,0.07696936233997488,0.3615620072968184,0.10129549189589061,0.47315517961322057,0.2477225754665157,0.2551272176627405,0.26431508905009493,0.26431508905009493,18896,3331292,176.29614733276884
2010.2,0.2601495415119137,0.6834885900987572,0.45938107230122005,1.0441686136407802,0.15719511965395658,0.26440537336232495,0.1771709139377868,0.31206436218087974,0.21032839413457252,0.37748302483391677,0.2576257694271295,0.46249887164105796,0.11624102188893527,0.3743487763429636,0.1712502948548805,0.5069422900705348,0.27555447713676096,0.2635423848363725,0.31034465513454546,0.31034465513454546,9794,2018637,206.10955687155402
2010.3,0.2201495989866982,0.5983837066512885,0.27193032552251534,0.8144307503524465,0.14562875470027845,0.25576059547929003,0.1420306637671376,0.28408307166922386,0.20706072662239253,0.3609598781501651,0.2266859471574972,0.4210753891501075,0.09456751130664175,0.3460720531904678,0.10243154586535236,0.44135298765642145,0.2606533403648496,0.25371543231936905,0.2699039463897842,0.2699039463897842,11746,1688463,143.74791418355184
2010.4,0.22697227792960686,0.589984140907547,0.28243674985336276,0.8061839179088941,0.14798095794682428,0.2556122296940082,0.14875408974595355,0.28325852168931603,0.20468535129509283,0.3576512908477009,0.2271574619944184,0.42213212710434656,0.08887626543077011,0.3409830744464378,0.11703526977726407,0.4622926556763273,0.2563912830574864,0.24958368150133542,0.2678668855793912,0.2678668855793912,22497,2992347,133.01093479130552
2011.1,0.23237215725705956,0.6104079580049399,0.28903225552858874,0.8138366270181787,0.14544075593064595,0.25639117695142555,0.1435287029576161,0.28479792985015884,0.19826639546832964,0.36271613217689663,0.2170645721095841,0.42164181918801935,0.09466535791295295,0.34858671060052154,0.1131452864993179,0.44707954502758473,0.2554191766714548,0.25239760646201015,0.2682211810035101,0.2682211810035101,28126,4363365,155.1363507075304
2011.2,0.2271783329238049,0.635892605527794,0.2994617476581862,0.8499470608200458,0.14766165030726916,0.25982919755599593,0.15144376697085313,0.2949360509876622,0.20127347831517792,0.3705202356304979,0.22612999745369233,0.43753459065343164,0.09611820562744894,0.3561531249047773,0.12655108815311816,0.4606366977829246,0.26001938374038747,0.25668481302262286,0.2785147764557119,0.2785147764557119,19387,3330906,171.81131686181462
2011.3,0.2191835856029482,0.6037144779823174,0.2682428134571047,0.8139958149960252,0.14373933333800762,0.25568615501805075,0.14547524105962975,0.2920023963398513,0.21523649576156736,0.36467318325696624,0.2425339133190327,0.4374152699287845,0.08850369877470837,0.34613800016316076,0.09924679690115347,0.45648570463316496,0.2644643362174056,0.25361436653691816,0.27878313979217134,0.27878313979217134,10398,1418431,136.41382958261204
2011.4,0.21628687791108994,0.6134117202031437,0.258706318081615,0.8200705738116989,0.14712260807803978,0.25693777953792607,0.14385697709124978,0.28470952144162487,0.2020858505905975,0.3643868237920937,0.22214919095775557,0.42112507746683936,0.09362083245812336,0.34851481686980385,0.10199791460838845,0.44668233925342143,0.2587352933992692,0.2519945591269526,0.26710617719772445,0.26710617719772445,20299,2794105,137.64742105522438
2012.1,0.22678140008855927,0.6199431985347277,0.2940542079358668,0.8349078603899529,0.14606265796031428,0.2558809269416605,0.14753160169064572,0.2877548593833822,0.20028431000784752,0.36452104626659015,0.21769442565817956,0.4309071964507849,0.0918256889730265,0.3481538593743029,0.10521612577886276,0.456903853053202,0.2586848479145816,0.2508446111236373,0.27084729384485423,0.27084729384485423,19815,2794485,141.02876608629825
2012.2,0.2360581383981124,0.6267899171779047,0.31073779962929987,0.8552115764513053,0.147716697344563,0.2581243816488726,0.14461084558579856,0.2934983327367716,0.19421472347208507,0.36882425284864334,0.20736429016431177,0.4426302516712285,0.10810590398546492,0.3576308347484707,0.11284579876068666,0.4628643971172495,0.292857105448456,0.3069111865859023,0.371310774694346,0.371310774694346,14865,2288065,153.9229734275143
2012.3,0.24131629782555658,0.6190287019431683,0.2880604352593219,0.8433867927963004,0.15481830098040028,0.26072435628217433,0.14898845189976212,0.29117542898908183,0.20179355389137052,0.36676108011066433,0.21282473237966879,0.4295374336855654,0.10371327217320153,0.35418220931987715,0.10228311246191991,0.45353820828969876,0.26947677703702955,0.2558338260700584,0.272899568233599,0.272899568233599,10491,1522170,145.09293680297398
2012.4,0.23274403141521197,0.6223515057348471,0.2681448691670553,0.8172069328831879,0.1526390851645909,0.26096459597870414,0.1451541178888983,0.2859234048562446,0.20386239317550872,0.3655063210451701,0.21607101870509698,0.4245276747417157,0.10173158130703595,0.3485333935593985,0.10274567282368113,0.4433973283154196,0.26947633027742196,0.2548465306969111,0.2770206079429505,0.2770206079429505,17937,2696740,150.3450967274349
2013.1,0.21973891526001066,0.6053399080088656,0.2605789523768597,0.8034473057030687,0.14556722721891563,0.25802090888021995,0.14118410354988278,0.2857881846527065,0.19463128426383375,0.36424721918208464,0.20616315615716205,0.4200576209261717,0.09351341098588266,0.34273693908011105,0.08977550776643807,0.44442488264309277,0.2549154090737258,0.25173901968915335,0.26251190006311204,0.26251190006311204,21870,3154618,144.2440786465478
2013.2,0.2531611134961157,0.6318617322386567,0.3377586149586371,0.8704054606391499,0.15750408101696398,0.2609902752895904,0.1549128057135002,0.2964708593090965,0.20559804253786715,0.372815473604488,0.22444968844894014,0.44511541159561974,0.09952218716841785,0.3560973377397741,0.11254441286937147,0.4685532197737291,0.2663894672188717,0.2587292325053594,0.2767409343671155,0.2767409343671155,14534,2267579,156.01892115040596
2013.3,0.22425417852932975,0.6114494145534742,0.19160152562199884,0.8884506868483114,0.14894286266680715,0.25663159334881686,0.15077620702915734,0.28952323715897615,0.1978413234176458,0.36158013576072756,0.22347296218567622,0.42968685610837426,0.09206729775196897,0.3421402293481162,0.11366083855716416,0.43938995802601066,0.2586193715617149,0.25445048749822136,0.2736521171302646,0.2736521171302646,12130,1728901,142.53099752679307
2013.4,0.21987516729553128,0.6244624525244115,0.21902325242243614,0.8283629676677797,0.14669448441460367,0.2596749333037694,0.14065651868481485,0.2876814089035554,0.19445365842149234,0.3652709062923737,0.20751581392026983,0.42500730413125987,0.09455410534691244,0.3492232585425475,0.09468684501159857,0.44428104976425803,0.2583016248003547,0.2535289346873294,0.26785402075382314,0.26785402075382314,20291,2965565,146.15174215169287
2014.1,0.22833463086935538,0.6253284730148255,0.28302638698314764,0.8481935746878464,0.14870990949194146,0.2611864887566511,0.1442195714876131,0.2927040229169604,0.1956941177129325,0.3678895184398514,0.20562390754162774,0.428631626448722,0.09649289987696953,0.3514419585650087,0.10451827282028527,0.4565001919271572,0.25855812462648153,0.2553977802163919,0.2668155535313038,0.2668155535313038,20046,3072105,153.25276863214606
2014.2,0.23018227443946512,0.6223640386904044,0.2400982535315704,0.8288881606188208,0.14706695007622853,0.2597559699064235,0.13785543527674757,0.287880529294076,0.19348026152550973,0.3635947289038067,0.2012309217054788,0.4251892854747547,0.09508210802295805,0.34780697057376164,0.09011898595967568,0.44155373407297627,0.26137977367085935,0.25431508574358697,0.27057850402257405,0.27057850402257405,13467,2150590,159.6933244226628
2014.3,0.24244826299979358,0.6481804430719762,0.2846000644364218,0.8515372838071998,0.15878855716280668,0.2658694928482101,0.15265483838233493,0.29399762220655695,0.21238026781463398,0.37234532686806654,0.22632565795986007,0.43212153351597876,0.10860613206345264,0.3613410557508825,0.10586132923174946,0.4521833590922914,0.2725719690336536,0.26309936631451075,0.2797000664364022,0.2797000664364022,9719,1559815,160.4913056898858
2014.4,0.2286928159708199,0.6110084988701866,0.33292236013655624,0.9196078379106702,0.14623886083852142,0.2558988462087668,0.1464785915283515,0.2905331268307159,0.1913949761654028,0.3633303872660208,0.2022209759271277,0.4294797192976553,0.09804542783656668,0.3446518499098689,0.12696782109408167,0.4626095327076528,0.2555281962247045,0.24738115662851667,0.27513108628942784,0.27513108628942784,18325,2669455,145.67285129604366
2015.1,0.2318691973993431,0.64105560708303,0.32313344319542814,0.8385650374846328,0.14499054369799116,0.26175086052499036,0.15015338964981448,0.28936577154537585,0.19718926376066861,0.3696797379102743,0.22937785675721384,0.4274051723835886,0.10083299526161858,0.3606189972952301,0.12142790276488823,0.46656058706327025,0.26031680853407657,0.2556604844863331,0.2751009069673387,0.2751009069673387,18923,3103962,164.03117898853247
2015.2,0.3917578669490006,0.8611138624418223,2.0568570856315667,4.249245299671218,0.1683224664579241,0.2636695364578467,0.18210492896793057,0.32854665541949385,0.2203150624773538,0.3655268398404922,0.2538590398458363,0.479862483599981,0.12646904938770936,0.3546457427899855,0.1879649759454179,0.5197368915832143,0.28336281955418546,0.26297406609355956,0.32617000728712525,0.32617000728712525,9295,1498813,161.24938138784293
2015.3,0.23234334935952242,0.6016816873041448,0.29147394093491014,0.8226565615752398,0.14999019557909102,0.25791878895742243,0.14795767686069605,0.28929014534574254,0.1998216340881898,0.35949365416433016,0.2157137762593119,0.4288367465654467,0.10063655694850743,0.34552891509207084,0.11911037839908234,0.47848412529994383,0.26443978763793524,0.25659028921495386,0.2758824994685639,0.2758824994685639,10182,1497261,147.04979375368296
2015.4,0.23430762409581357,0.6132847887043847,0.2844608612566435,0.8247049055776295,0.1506920785055889,0.2577430711106257,0.148772830091273,0.28606381790345614,0.2046015995180796,0.3658699393096252,0.21950160522122222,0.42425796623564577,0.1024583384757756,0.3452773904134538,0.11694949382634434,0.4496261670832152,0.2674222349641468,0.2598953622539404,0.2810350979283707,0.2810350979283707,20642,2974050,144.0776087588412
2016.1,0.2517837005294773,0.6440375857122294,0.3377503635377882,0.8583238752290858,0.14961831497634182,0.26083547987593375,0.1627999310915873,0.2967423701860369,0.2027045542825974,0.3709724117568826,0.23110940968777427,0.4341310561387841,0.09977990543384437,0.35746485978021525,0.14325439033258172,0.4763412568616324,0.2678328633639962,0.2590605525926032,0.2938026038085053,0.2938026038085053,23416,3585988,153.14263751281175
2016.2,0.26717607719302855,0.6600116213675448,0.250388338194374,0.9774710677356583,0.15673430164758517,0.2659575607233407,0.15330706085427603,0.2968153739464679,0.2085810354908135,0.37391346523507996,0.21799076240261797,0.4394032297232327,0.11455521182085893,0.36495527718704834,0.08777774475555233,0.5021605367885376,0.2773411629677085,0.26353044084830096,0.2940519807491708,0.2940519807491708,14623,2339158,159.96430281064076
2016.3,0.28014197905000426,0.6576341689914955,0.30634179254139915,0.8459601565619362,0.16866444997735922,0.2632337636961843,0.1533970685951332,0.2943393427685813,0.21994570416112935,0.3700997154861057,0.2226705505614756,0.4336260683086825,0.12702282225601869,0.36439614619657834,0.14239077866971728,0.4860052438191686,0.29287898670510065,0.26887727554623414,0.2860468068158922,0.2860468068158922,5559,969561,174.41284403669724
2016.4,0.2647377736905136,0.6190984367677272,0.3025335802859793,0.8280861795192601,0.16655178014772523,0.2608600714157211,0.15711507254987395,0.2919140047582942,0.20837227349315182,0.36130648772151763,0.2217109769876079,0.4272200930726549,0.11537561480527514,0.34787127863834183,0.11946154979994895,0.44082427528830037,0.2803026397527294,0.2626729238069099,0.286638297463389,0.286638297463389,19931,2959863,148.5054939541418
2017.1,0.2700692509774814,0.6240774717782475,0.3191387587909824,0.84379708559311,0.1709116280609874,0.26156657581769516,0.17122305491791587,0.2940744907770425,0.21774542093486063,0.3655420354462753,0.24270797682410722,0.432433475991566,0.12365961132491293,0.3471973071048489,0.15213985510233677,0.45406047420599543,0.28457922269095254,0.26147299408619284,0.2988861484664919,0.2988861484664919,20990,3089033,147.1668889947594
2017.2,0.2696509687364137,0.6250300485510611,0.29385897732961175,0.8223440935495413,0.1622148746510316,0.255403454313792,0.14398918058388271,0.2831865496123255,0.20710303956083195,0.3575105061945568,0.20254987282344902,0.4208014525779605,0.11517277428664087,0.33940337710436946,0.11358249308612399,0.43899512430026566,0.27603551351598843,0.25137796066709756,0.2861004264370982,0.2861004264370982,2537,342244,134.90106424911312
