quarter,afinn_sentiment_avg,afinn_sd_avg,afinn_sentiment_wtd,afinn_sd_wtd,jockers_sentiment_avg,jockers_sd_avg,jockers_sentiment_wtd,jockers_sd_wtd,nrc_sentiment_avg,nrc_sd_avg,nrc_sentiment_wtd,nrc_sd_wtd,huliu_sentiment_avg,huliu_sd_avg,huliu_sentiment_wtd,huliu_sd_wtd,rheault_sentiment_avg,rheault_sd_avg,rheault_sentiment_wtd,rheault_sd_wtd,jockers_rinker_sentiment_avg,jockers_rinker_sd_avg,jockers_rinker_sentiment_wtd,jockers_rinker_sd_wtd,senticnet_sentiment_avg,senticnet_sd_avg,senticnet_sentiment_wtd,senticnet_sd_wtd,tot_speeches,tot_words,avg_speech_length
1979.2,0.14696374888576458,0.3730826642553472,0.199313186919164,0.47835726463781963,0.13550004466918772,0.2276014732338776,0.12624869390175208,0.24992214098097665,0.17588305573839802,0.3007687955062558,0.18609954235123632,0.3325292964032467,0.06902433740322603,0.2460319415759855,0.06564768844190855,0.2877834784071543,0.21307970085420125,0.21803147768017558,0.21862402690055988,0.21862402690055988,0.12599235717890406,0.2400546934442291,0.11000010098556248,0.11000010098556248,0.23332113023221351,0.2972551396150698,0.2275004278465104,0.2275004278465104,6394,1385539,216.6936190178292
1979.3,0.12343585224434757,0.3770331379919429,0.14241929192406932,0.4614451453323763,0.11445532586868772,0.22220798273997178,0.1001048103650173,0.2410140034403531,0.15114024464406223,0.29522518430845457,0.15186199137520676,0.32534074480494346,0.04200305476578045,0.23702569277876637,0.03132009421753714,0.27616318341782253,0.18785727211979017,0.2120159431337502,0.19012161829446164,0.19012161829446164,0.10471138844236931,0.23391877400040878,0.08553223761200213,0.08553223761200213,0.2124389119791358,0.2967520692475142,0.2085187191330445,0.2085187191330445,8027,1454433,181.19259997508408
1979.4,0.12768950990834754,0.3672300312677749,0.15181156295852918,0.45402196134694395,0.12291303321978873,0.22211330042573718,0.1066532160016512,0.24045686613833794,0.16278649287145483,0.2951984986948394,0.16550280537840314,0.32543446906472445,0.05379407045241806,0.24096459044408083,0.039940004871039665,0.2768193158858823,0.1936697551977758,0.21217418582580602,0.1981172823412536,0.1981172823412536,0.1127681058665582,0.2347957959995234,0.09253043694921577,0.09253043694921577,0.21710866727223072,0.2945448736519932,0.2159228605926843,0.2159228605926843,16042,2796711,174.33680339109836
1980.1,0.11307984921277403,0.3728775755612011,0.1380781900827531,0.4510021191743754,0.11595439985113684,0.22684238829572548,0.10515272911290816,0.2435080315059154,0.15638292395707123,0.29740333424221743,0.16091594534615755,0.32452832638801293,0.045399341229916186,0.242965489861958,0.03184756723180081,0.2765333203463191,0.1838824628504574,0.21192668622579222,0.1912815835661471,0.1912815835661471,0.10621812294541733,0.23941708825081867,0.08961460292074139,0.08961460292074139,0.21069532244939856,0.29875872334641357,0.2171031818395385,0.2171031818395385,20863,3459984,165.8430714662321
1980.2,0.10943682153240558,0.37113750399530393,0.1279528390089449,0.455246363640996,0.11340711570342456,0.2248284253544763,0.09803574974109497,0.24137217154649399,0.15221085123602482,0.2975643055261371,0.1551875478315202,0.32584040638296075,0.04091031304918569,0.23940985012574587,0.026944875816168348,0.27709510936394693,0.18374026518953562,0.21206823608958097,0.18911141198726866,0.18911141198726866,0.10420563924324744,0.23726916599576484,0.08311299187450968,0.08311299187450968,0.20458160566074565,0.2943562029089735,0.2070014871591107,0.2070014871591107,18975,3410843,179.75457180500658
1980.3,0.10665758337532943,0.3570448095686312,0.12975546633222212,0.4522450938761306,0.11151583348422786,0.22103006467106878,0.09950016550190917,0.24225076218800545,0.14954549619256863,0.2963018458640068,0.15189290851358792,0.32518480073836686,0.043683894093397374,0.23121864417746874,0.03176374970481323,0.2736822243078605,0.1778898231831728,0.20796079601923292,0.1869202399789254,0.1869202399789254,0.10241330739082685,0.23280133843515452,0.08558494755202294,0.08558494755202294,0.20601004791212907,0.2956868147327629,0.21403910835649462,0.21403910835649462,11162,1893459,169.63438451890343
1980.4,0.1043712485152923,0.3805695386632657,0.11437574189462879,0.46267659705907066,0.11582347938782622,0.23026925426353687,0.09687369951763718,0.24638592655948618,0.15392595316742042,0.29897134557236976,0.14973896871237127,0.3266485885343412,0.04418768454904352,0.24589037792207089,0.02394045154648606,0.2814853267706551,0.18792472968925,0.213700393005033,0.18849911846832354,0.18849911846832354,0.10737913948639903,0.24282978645508257,0.08274208742560392,0.08274208742560392,0.21529119941843664,0.3009096386760038,0.21324089942511565,0.21324089942511565,11844,2235126,188.71377912867274
1981.1,0.12944431494676054,0.38506094534644225,0.13907196664290497,0.4686985789856692,0.12624550864691575,0.23103314393194463,0.10365775194309462,0.24593230670461724,0.16964885123086226,0.3025374640942285,0.16401860503706814,0.32838663327055295,0.05081455134852148,0.24413716550383618,0.030502985583729353,0.28108287939253235,0.19825509359069313,0.21677997076885322,0.19619718704494699,0.19619718704494699,0.11686000193758855,0.24340327208262724,0.08873620161673289,0.08873620161673289,0.22803525764751306,0.30168839928231683,0.21962936651863274,0.21962936651863274,16538,3295727,199.28207763937598
1981.2,0.11006007800411823,0.3835910487860226,0.1288936343637519,0.4683857507898645,0.1154838626041925,0.22876780747736844,0.098575754251834,0.24638079177117772,0.15632784718518875,0.30295198394825806,0.15352474863244409,0.32910772826255524,0.04044256744487327,0.24336527297610847,0.024305344275401854,0.28125614662563614,0.18526280343878182,0.2135363892294187,0.18907857794325023,0.18907857794325023,0.105654768921368,0.2415898935396988,0.0834785680180817,0.0834785680180817,0.21713598090141453,0.3005603700048931,0.2111935271194352,0.2111935271194352,16712,3319438,198.6260172331259
1981.3,0.10896265630766568,0.38540774382164883,0.13167184550622982,0.4704283274571811,0.11043402377370744,0.2288598971557025,0.10080260586110747,0.24774882722769803,0.14422273941124494,0.3010668897110718,0.15681080065546052,0.3299232879323891,0.042330602517739846,0.24430349653123815,0.032923935365783974,0.28178491340648276,0.18496863996876092,0.2174139295949563,0.19413261289341496,0.19413261289341496,0.09997383506520388,0.2422564665815525,0.0860403953282911,0.0860403953282911,0.20142457814783465,0.29873984338314674,0.21104192925412552,0.21104192925412552,8384,1711313,204.1165314885496
1981.4,0.12432032474280422,0.3846462535889581,0.13672038585247373,0.4763742115741939,0.12313570342426619,0.23098510389100912,0.10441005347662834,0.2495070939818889,0.16044591196523875,0.3032310152087619,0.1583379991110513,0.333560729689153,0.05030807847100276,0.24675737389836078,0.032742643506851285,0.2836274773537915,0.1953351350272652,0.21591897185948122,0.19847849306251228,0.19847849306251228,0.11375690344678781,0.24370889177283878,0.08887961212694628,0.08887961212694628,0.22349076522569308,0.3017638401711908,0.22381002078292841,0.22381002078292841,11489,2327088,202.54922099399425
1982.1,0.12199483185110578,0.38763423930089874,0.13775791472298984,0.47028840369949376,0.12304956170423413,0.2304985162999773,0.105209504544607,0.24728556678857505,0.16759708081951608,0.3038168041858945,0.16547693531561888,0.32964304143358036,0.049095979628960486,0.24350943685415982,0.034390454655455066,0.2810532692875008,0.19129680283483882,0.21507992414101526,0.19348995490561333,0.19348995490561333,0.1135404786239154,0.24269509144184187,0.09007729611952392,0.09007729611952392,0.2243549883162451,0.3009530262864476,0.22258344695368404,0.22258344695368404,16476,3175209,192.71722505462492
1982.2,0.11833679833544535,0.3818203426262897,0.14009751859374436,0.460328161842187,0.12046356137178581,0.22957160521709896,0.10717313286441706,0.245736966865517,0.15751014837385313,0.2998038675020402,0.158962984674599,0.326083941698172,0.05395370214939706,0.24492284002451892,0.04358333905046848,0.28071917358919507,0.1904991452227666,0.2145359955356639,0.1958117213266563,0.1958117213266563,0.11059053378058582,0.24196840089758231,0.09168691242713461,0.09168691242713461,0.22101007541690387,0.3006211230486663,0.22213755047503617,0.22213755047503617,18478,3194284,172.86957462928888
1982.3,0.11453338498551915,0.3830025660739791,0.1380974661258589,0.46580845314237673,0.11598624380925819,0.22751401760224302,0.10529990777861743,0.2463618304665784,0.15394667641948528,0.29859502566908314,0.16373523855491592,0.32934285293350535,0.04637713599890903,0.2435052187739921,0.037096660757567755,0.28001973820710674,0.18943296679147378,0.21450064333298774,0.1983902753652287,0.1983902753652287,0.10570862316051433,0.24049223513154624,0.09027493687029653,0.09027493687029653,0.21784885765481515,0.3004066720471292,0.217542375969425,0.217542375969425,7851,1502147,191.33193223793148
1982.4,0.11555950736341783,0.3864532165588931,0.13305720618076228,0.4727696665867852,0.11484378263836685,0.22869697512194928,0.10060473095954134,0.2482725788309469,0.15592610499577644,0.3015980388892821,0.1590224082183572,0.33106985776742637,0.043074136609401,0.24243527133748394,0.03178862540766131,0.2827622849375274,0.186170630293433,0.21350509111150198,0.19284798228578418,0.19284798228578418,0.10504020591768806,0.2412645643644531,0.08593190225545586,0.08593190225545586,0.21507532935948412,0.29982786717765697,0.21788064667684884,0.21788064667684884,15097,2723813,180.42081208187057
1983.1,0.121111419499562,0.38066958864354267,0.137337245885212,0.4712403574526279,0.11992413416859851,0.2295878645890326,0.10254188874421397,0.24703194492202915,0.15888170081488562,0.2991713038596125,0.15638431303802564,0.32820990253746357,0.04675956300437707,0.24298219603632207,0.03058790258624532,0.28300225048614114,0.19228763259960774,0.21525263586881505,0.1957610739752153,0.1957610739752153,0.10973709725349705,0.24248164010066145,0.08587018655096124,0.08587018655096124,0.22402127346270462,0.30121433544071674,0.22048927326531703,0.22048927326531703,16956,3301692,194.72116065109697
1983.2,0.134872133432119,0.39162641643939033,0.16251399328340055,0.4856975797547613,0.1236383641674934,0.2321202221529365,0.1116624513682308,0.25335640350703104,0.15890035120352625,0.30296752427668133,0.16833729046423374,0.3377223407467133,0.0545204039817237,0.24655910345197019,0.04240259555156649,0.2875768604452995,0.1984049515617297,0.22126535825906082,0.2073092495200304,0.2073092495200304,0.1140764104312048,0.2438768311530658,0.09691346618080221,0.09691346618080221,0.22552048705869204,0.30227299955649606,0.22716154524591095,0.22716154524591095,9256,1787009,193.0649308556612
1983.3,0.12946897504043173,0.3827801998431637,0.1445174057290899,0.4819197754079442,0.12351510888489424,0.23274146116912034,0.10467026959419298,0.2512765615214396,0.15709511264574907,0.3090923271534584,0.1577794637611911,0.3358607755283189,0.05164296901939504,0.24261667579493054,0.0362473079744156,0.28544575577534753,0.19648466046193974,0.21755883782866536,0.1999250765248066,0.1999250765248066,0.1138383986840465,0.24528062763541472,0.08977517137521357,0.08977517137521357,0.2307793953299008,0.2994738265230571,0.22435030332515052,0.22435030332515052,6716,1346815,200.53826682549138
1983.4,0.12042655770270398,0.38296867322268946,0.14942221257540608,0.47281798100828365,0.11898992028568439,0.22949912055931915,0.10689722373756061,0.24835928944588928,0.15699055967888056,0.3038842813154065,0.1628249263204507,0.3330275842369386,0.04466769530622279,0.2447651204231972,0.0349483459227425,0.2848321907614493,0.19406206018443314,0.21664339144955552,0.20257281915212624,0.20257281915212624,0.10949744770952005,0.24070546280314337,0.09183818109696631,0.09183818109696631,0.2273927846697251,0.29901183786118957,0.22237992598714218,0.22237992598714218,15348,2778242,181.01654938754234
1984.1,0.12256256797823996,0.3822180394211397,0.13696272899319567,0.46663124732656375,0.1194171024694088,0.22813700564061776,0.10327679270795573,0.24489417571220984,0.16205798711413433,0.30290235302755725,0.1619026973927322,0.3297241092063105,0.04393615176465228,0.24028015259909022,0.031626350456382596,0.279812186975494,0.19421904041866642,0.21724204987915022,0.197147900109814,0.197147900109814,0.10962087787468378,0.24047678296092076,0.08861013701117638,0.08861013701117638,0.2222486033539623,0.30057896094157294,0.2217052553317191,0.2217052553317191,18901,3373785,178.49769853446907
1984.2,0.10405654604948472,0.37378977857647816,0.13061879639054116,0.45295426017581225,0.10962762438088569,0.2251750749927997,0.09812938864658247,0.24232061872731092,0.1469310760041044,0.2988545354477365,0.15302240370070727,0.3258815526284718,0.035578197512795784,0.23699019128303395,0.023903631459657012,0.27521216530631726,0.1843077430156227,0.21102415512438616,0.193563670558341,0.193563670558341,0.09916312699483516,0.23791620000660751,0.08269966444462852,0.08269966444462852,0.2090020076833844,0.2957446595516705,0.21606345074695982,0.21606345074695982,19691,3442851,174.8438880706922
1984.3,0.10409544955839027,0.37842448671551004,0.12473572092832547,0.46469396950121994,0.11607417549880243,0.22667380755231853,0.10306522684140355,0.24578152385407107,0.1477839986321139,0.2998249108300884,0.1512380912132015,0.3298720569860761,0.04026668727177661,0.24085116229431586,0.027098859139762912,0.28095114335235594,0.18834470325998318,0.21166102850116458,0.1919674868272923,0.1919674868272923,0.10592165934897138,0.2389982691021306,0.0889312510381592,0.0889312510381592,0.21040864316062077,0.29887860567356356,0.21621276762745908,0.21621276762745908,9562,1628019,170.25925538590252
1984.4,0.10687602625123818,0.3882268299605328,0.1215737549576832,0.4740200386800881,0.11679872460533694,0.23183843941917343,0.09894714366538361,0.24820458214533864,0.15752133138971883,0.3072117733050141,0.1583198549662866,0.3349261291971994,0.04078084627076012,0.24520933546336807,0.02796753343775745,0.28282725635958716,0.1933797571609578,0.2183069371788286,0.19625604512469297,0.19625604512469297,0.10709437380733085,0.24388680255132125,0.0843050926687842,0.0843050926687842,0.21898930968430394,0.2999403794856595,0.2160181604702999,0.2160181604702999,14260,2696448,189.09172510518934
1985.1,0.10563456027709685,0.3823779270909208,0.11979698817430018,0.46288937562593485,0.11292694656608934,0.227702441758285,0.09604012632128307,0.24316692027524162,0.15005691230768442,0.30160157057196385,0.1489469518343333,0.32736434345059856,0.03855006221259987,0.24068790563309028,0.02370426808144051,0.2770500362435388,0.185013217417371,0.21486940853924122,0.1885878418039832,0.1885878418039832,0.1032345803364703,0.24063247495733098,0.08087737390639099,0.08087737390639099,0.21215233245850493,0.29907486770230673,0.21464916885061028,0.21464916885061028,22499,3918267,174.15294013067248
1985.2,0.12119420031137583,0.3865277098974428,0.14067024103004513,0.4745290760814334,0.1237187764825169,0.23029143716412107,0.10639583126364942,0.24870242131940187,0.1625265471967087,0.30484269509677725,0.16054847646021764,0.3331819556940721,0.046950377806169494,0.242254126340986,0.03264668576903886,0.28373462106982966,0.19636593269806055,0.2190183138693016,0.2029174839311146,0.2029174839311146,0.11318602494796898,0.24232388221878626,0.09123886105295095,0.09123886105295095,0.22461924105066272,0.30170064580897454,0.22204303334052244,0.22204303334052244,18893,3318458,175.64484200497537
1985.3,0.12443861071538558,0.38873391231037857,0.1472784459336999,0.4653058193371745,0.11856843694446645,0.23067077074164388,0.10954133874280535,0.24736667540083482,0.15917518695174313,0.3027588813774681,0.1667137387322802,0.3289953010560838,0.044988610537185184,0.24006590518405002,0.03476712239007915,0.2769102575055405,0.19182601554853082,0.21609063531958342,0.19573512732757445,0.19573512732757445,0.11069522484206816,0.24283601777151959,0.0969713888891157,0.0969713888891157,0.21369919798760928,0.30479568047718,0.22312426016498255,0.22312426016498255,8146,1425131,174.9485637122514
1985.4,0.11940747690620361,0.3965952353068332,0.12679775346010475,0.48963854825644293,0.12529200251664024,0.2319546404999486,0.10681527826143512,0.2503536781293337,0.17034570139623262,0.3067796710237377,0.17133454089799233,0.3357462626301506,0.04883880272572425,0.24543390028792236,0.033233191507478214,0.28464168712752896,0.19939878534793865,0.2194022305302213,0.20320732749168974,0.20320732749168974,0.11618797621708234,0.24386789975445058,0.09340311918993477,0.09340311918993477,0.2215205017198484,0.3015700595581643,0.21928640333462907,0.21928640333462907,13577,2523653,185.8770715180084
1986.1,0.11492600495686198,0.3858718871462378,0.1450370535908884,0.4807903459158165,0.12443794504079456,0.23010056844219287,0.11153119790746946,0.25075912417266055,0.16790777068418788,0.3061618354646254,0.1717093162415705,0.3341358009130463,0.04769736224952836,0.24097843896826107,0.03785903266911757,0.28421231484110054,0.19753727547326508,0.21773447849702945,0.20518223796739515,0.20518223796739515,0.11586122446465708,0.24225480866953086,0.09699568812072715,0.09699568812072715,0.22360915383242558,0.3001404022362115,0.23004212000703497,0.23004212000703497,20337,3504651,172.328809558932
1986.2,0.12575315683739685,0.39138009743756413,0.14568616608664134,0.46769003927152697,0.12087983302071574,0.23313609249132888,0.1098539794138859,0.2488342172527337,0.1605926973725977,0.3038766447196366,0.16436595196495885,0.33023349519617495,0.04609384803923931,0.24289937678594792,0.0356391079878624,0.28041781182670894,0.19855505554046224,0.22146599310727105,0.20453551644483461,0.20453551644483461,0.1115605051004227,0.24536546407470897,0.09546700644756315,0.09546700644756315,0.21565923799859782,0.302117559270636,0.2222248854404501,0.2222248854404501,20545,3438168,167.34816256996837
1986.3,0.12550192289980733,0.3836107921361334,0.14785485042688026,0.46223054349197307,0.1186928537048997,0.22839519493685015,0.1122414494942086,0.24462394187794678,0.1579130389043024,0.30183582671389203,0.1675798826823794,0.3297902154141379,0.04572454032361711,0.23968954795675881,0.040648108623659925,0.2758559260757678,0.1943576369120656,0.2192631168206858,0.2069175532863367,0.2069175532863367,0.10977663623726992,0.24060867901579785,0.09920185987896463,0.09920185987896463,0.21161473019746876,0.29899598258930926,0.2208049774227532,0.2208049774227532,7882,1404746,178.2220248667851
1986.4,0.11266195310765106,0.3820263646584977,0.13596388519454417,0.4740518558936019,0.11603242013393271,0.2312501984344952,0.10333770697769905,0.24842100920383808,0.15798305110491223,0.3030068255818496,0.1633280150712345,0.3312891192891384,0.04010655241274341,0.2414103540976475,0.031811786795266646,0.2837527643367408,0.19502147964852784,0.22045729731547403,0.2023469344566409,0.2023469344566409,0.10653859014264025,0.24349654234483747,0.0892031456329069,0.0892031456329069,0.21053464282842319,0.302395610801285,0.21838479734207308,0.21838479734207308,15308,2732888,178.52678338123857
1987.1,0.12067127655532983,0.39735112141880785,0.14486624704822323,0.47775480386092584,0.1220308150536869,0.23291082209748223,0.1078689946976621,0.2474304447236762,0.16482699697774494,0.30526940905698,0.16451143695879025,0.3304005017313531,0.04562923376595567,0.24374432497565046,0.038599014899126774,0.2825551815570716,0.1989035061471967,0.2210599028010848,0.2055583820504357,0.2055583820504357,0.11227654014488365,0.24544700733544111,0.09368133746594705,0.09368133746594705,0.22012611765471318,0.3013289802706382,0.22675196166231737,0.22675196166231737,20264,3671388,181.1778523489933
1987.2,0.11337338429878664,0.40187898580811565,0.1416572525707966,0.49555725507802,0.11307750367816033,0.23196691544733547,0.1021978124656582,0.2519619803615269,0.15040127748905296,0.30163713389981023,0.15371610662582125,0.33640397487856105,0.044092240610557734,0.24545056304672516,0.03554338575809259,0.2872414245192803,0.19214355069095426,0.218541961731716,0.2023400359720643,0.2023400359720643,0.1042636473426254,0.24396175378059326,0.08836121283127352,0.08836121283127352,0.2126259050943388,0.3067332368479765,0.22557166538216147,0.22557166538216147,9040,1686774,186.5900442477876
1987.3,0.14254877327021753,0.39480126290210604,0.18406275499609467,0.4833127422973511,0.12339108462324196,0.22720589713397887,0.11938654422652901,0.245621266748474,0.1665909296823626,0.301946566613162,0.18374424837314085,0.3321113664110563,0.05544600627888493,0.23981435244209554,0.06009669016980113,0.28325748905018006,0.2049403411573769,0.2191966948189944,0.21580992304622915,0.21580992304622915,0.11524611401064142,0.2409698103351684,0.10673579609383096,0.10673579609383096,0.22369272071272353,0.30301765495115546,0.23352431279868763,0.23352431279868763,6519,1279402,196.25740144193895
1987.4,0.1216559393533961,0.3856137080904035,0.14366024337361172,0.4773483413110037,0.11554612286107568,0.22744535049373732,0.10494231069717375,0.246839271427061,0.15715811557863196,0.3008391705715749,0.1616305215604487,0.33256256269931833,0.042427952800693655,0.2349560636676087,0.03445801841475354,0.279674415166015,0.19602271761201312,0.21865972002922374,0.2046003829666526,0.2046003829666526,0.10636276731494354,0.2396181270625983,0.09080336986034876,0.09080336986034876,0.22336859083439092,0.30118516987092964,0.22742300573630458,0.22742300573630458,17475,2887658,165.2450929899857
1988.1,0.12878599866887608,0.38590329510886956,0.15089383892329306,0.47435738699050173,0.11949704737206598,0.22951405103486763,0.10726805683950492,0.24656671530504284,0.1626837932817855,0.3015940937877686,0.16348944340310825,0.3307663147773274,0.04672284269691857,0.23766931744900505,0.038962736086742895,0.28044656155958875,0.1986262282531336,0.22082548979098948,0.20574797266082115,0.20574797266082115,0.11081889669490985,0.24140923852233137,0.09371559430678458,0.09371559430678458,0.2319812541003697,0.3070225752630769,0.23375862852592183,0.23375862852592183,22687,3983368,175.57931855247497
1988.2,0.12206064556119049,0.3868900887125002,0.1426376088722981,0.4679313662658086,0.1138113519411268,0.22880546491674228,0.10406900162806441,0.24395693663714846,0.15139500727391048,0.30346189970117265,0.15593345783555487,0.3286163388056008,0.04075563552969305,0.23549813393584446,0.033339304085355646,0.2750644381318785,0.19096954878561379,0.21830996486454585,0.19679685924491233,0.19679685924491233,0.10390670528772994,0.2404644835795566,0.09069042927838972,0.09069042927838972,0.21920187424377618,0.3032272004417228,0.22092502705361872,0.22092502705361872,19938,3359423,168.49347978734076
1988.3,0.1211018142695084,0.3880700463373642,0.14995415077440225,0.4759841031971375,0.1148938574702483,0.23022147889527192,0.10597294415123422,0.24838237615578296,0.15647311853633727,0.3043616229303247,0.16451379720392503,0.33173503700245677,0.03898599298308277,0.23852547039116462,0.03179738757417965,0.28157331538636016,0.19775820952323864,0.22332171794374933,0.20426059025394022,0.20426059025394022,0.1051286471734038,0.2422835751791381,0.091818118784703,0.091818118784703,0.21892266935327642,0.30742053325066465,0.22804548259931548,0.22804548259931548,8410,1500143,178.37609988109395
1988.4,0.12034252180308323,0.39282265838896957,0.13747247947665178,0.4815137824710027,0.1161211225992751,0.23059698509478999,0.10213700534868633,0.24904304623157242,0.15702516327167057,0.3045485781379525,0.15960073047743123,0.33507718447712576,0.04103622934319393,0.2395650123636139,0.029670951607480626,0.282675685821103,0.19138732666692107,0.2202733718794485,0.1973977339698691,0.1973977339698691,0.10668468828786387,0.24301680797049702,0.08822528742102459,0.08822528742102459,0.22028423358265356,0.3039526027035373,0.2220050162518439,0.2220050162518439,15162,2722588,179.56654794881942
1989.1,0.11469514855545763,0.3920075478825812,0.12813215930996688,0.479898000522795,0.11794971696180136,0.2329209564026376,0.10235276862398972,0.2503167374101454,0.16322586241931936,0.30610586261973594,0.16064083998890613,0.3358445281065543,0.03906984339468002,0.24086548581285191,0.026787898026935014,0.28486917940391404,0.1937654025199065,0.22114523502312808,0.19851761477660762,0.19851761477660762,0.10818430698147419,0.2455531694057498,0.08889873339492071,0.08889873339492071,0.2240829396471617,0.3046924412825518,0.22392888116477871,0.22392888116477871,19947,3542424,177.59181831854414
1989.2,0.12815266861246216,0.39366935999549346,0.15060561710602907,0.47317400757978806,0.11802645195654425,0.23114199351353126,0.10876904431720395,0.24803676501638763,0.15982743115054138,0.30632097633861455,0.16463199413759275,0.33322071608987724,0.04150547977479544,0.23938490637980592,0.033357079710243695,0.27910837052663406,0.1968420946302553,0.22323985005142852,0.20531645228342318,0.20531645228342318,0.10752870060334718,0.24345260871255753,0.09430560710543955,0.09430560710543955,0.22490602327388498,0.30897321381104986,0.22887643557682316,0.22887643557682316,20755,3738640,180.1320163815948
1989.3,0.13345898480084661,0.39940453058188724,0.1605684733387565,0.4768154894593896,0.12211818215937048,0.2363674610813937,0.11501816687691584,0.2532590136211697,0.16321430101454562,0.3101264883093949,0.17098307168130591,0.3366103415092999,0.04535241917303988,0.2470262867791965,0.040603439852746656,0.2838097262863512,0.20559954486799725,0.23037262279038107,0.21744752343349757,0.21744752343349757,0.11308284144000662,0.24883885213372683,0.10146388318326781,0.10146388318326781,0.23275742475594133,0.31139032891705787,0.2319077361901708,0.2319077361901708,7324,1363832,186.21409066084107
1989.4,0.12487157726421545,0.39072290375862373,0.1515338214270168,0.48208647725847475,0.11746941829819536,0.2294183477041929,0.11008778854402834,0.2503484320107904,0.15589265235738087,0.30199510829553583,0.1667848637548663,0.33296894074440486,0.043652455299413404,0.23828824697456796,0.03716018219541909,0.28088500511368825,0.1968911041773029,0.22306109460273166,0.20800807199236643,0.20800807199236643,0.10782541172880593,0.24237734191253538,0.0967848577059731,0.0967848577059731,0.22099277398314793,0.30244771966367656,0.22907335051288352,0.22907335051288352,17740,3015077,169.95924464487035
1990.1,0.12105168174284929,0.38482913629411514,0.14507884205299273,0.47084909668097785,0.11604226973314934,0.22975558460325365,0.10692576139464016,0.24700953787040517,0.1552670465001887,0.30122913571021903,0.15704040747213702,0.32932506251384214,0.040647408575426695,0.23806613138231397,0.03404397320382099,0.2797023890841322,0.19418379809146727,0.21945238563034644,0.20109266524594868,0.20109266524594868,0.10651276276745231,0.24204755179848875,0.09265341263806486,0.09265341263806486,0.22899213151887604,0.3025084682437424,0.23046496300448768,0.23046496300448768,23309,3831817,164.39216611609248
1990.2,0.11989363221555287,0.38574582745412334,0.15593390990120018,0.46687918421242036,0.1142363763321371,0.2290338962403796,0.10915277407675944,0.24646578648673137,0.15285586098909665,0.3027548232207488,0.16107073250776535,0.3297866149652329,0.03998184882705046,0.23848703830363216,0.035539565004042144,0.2796582650869324,0.19387885520722506,0.21943807161861714,0.20498977353066497,0.20498977353066497,0.10426187774838588,0.24242756526759923,0.09293202310882241,0.09293202310882241,0.22822326608469576,0.3069427150526555,0.2298737747004228,0.2298737747004228,18191,3060763,168.2569952174152
1990.3,0.14324762294815177,0.389419053436786,0.1622091986096593,0.4827293136128283,0.12404001474608231,0.2301668382110614,0.11659657753175003,0.2520930607780579,0.1640058061568423,0.30617534331435814,0.17583508082002558,0.3376442278073945,0.05172984299653069,0.23924661438437045,0.04312298470497336,0.2824849057498907,0.20272437556832565,0.22315821375649858,0.21316919067859533,0.21316919067859533,0.11488589810148374,0.24285725512092626,0.10143187944566157,0.10143187944566157,0.232890268070346,0.3078975843742199,0.23274936528767529,0.23274936528767529,8036,1426529,177.51729716276753
1990.4,0.1340730929523946,0.4090894752547464,0.13944267518453307,0.4940169228623429,0.12689034327515827,0.23590323179486358,0.10846294532397645,0.25356730416728385,0.16523773310287085,0.31039881520810936,0.16004933894257847,0.33729645178668594,0.0522968643289145,0.25088227748729675,0.035343798260206234,0.289715903531224,0.20444217743802934,0.22410344020242118,0.20581351369664497,0.20581351369664497,0.11676588805913567,0.24826333152230004,0.0925704319022501,0.0925704319022501,0.2327137846076535,0.30484280707852773,0.2248637509107758,0.2248637509107758,15814,2875797,181.85133426078158
1991.1,0.1160966502615165,0.40547225253573455,0.1268320817647418,0.4934702963461561,0.12247444135750792,0.23708950809514198,0.10339870600847331,0.2532627902784518,0.159277507294882,0.3096165641965998,0.15150056932991954,0.3352528284630647,0.047716832543805675,0.24818386507206378,0.031725569382090556,0.28698969345988573,0.20282789969042592,0.22610241872877462,0.20176915642051566,0.20176915642051566,0.11274246703464584,0.24922042216173604,0.08893407677424606,0.08893407677424606,0.23391144418484053,0.30592089320739163,0.22393752573057685,0.22393752573057685,19535,3457460,176.98797030970053
1991.2,0.1273144239240615,0.39660301430936157,0.14775812758130247,0.4694464745110997,0.11714301847384719,0.23257501437584818,0.10745364026081117,0.24794866966358142,0.15598622284982,0.305105168002865,0.15834317015081942,0.32871089267001397,0.042438841940733815,0.2422733102761633,0.03537724911713343,0.2803572466029363,0.19609037341611843,0.2233313608533073,0.20361704775234415,0.20361704775234415,0.10577472329935719,0.24644024722165186,0.09077896238574304,0.09077896238574304,0.23139828643882365,0.306046855125701,0.2321813210960538,0.2321813210960538,18174,3002626,165.21547265324088
1991.3,0.12540570714506105,0.39550966940530413,0.1521319431409163,0.4733492312928208,0.12188553937741897,0.23090961283491362,0.11329463679867592,0.24671296850689775,0.16134558833668777,0.3056107462742208,0.16868677731634682,0.3295128276881382,0.0422477009604362,0.24528066999828632,0.037261585379148886,0.28099991836663135,0.20097229559594343,0.22190932790945025,0.20926236319744365,0.20926236319744365,0.11082288333838716,0.2447531719746077,0.0962001802052294,0.0962001802052294,0.232612472807653,0.3057983164548979,0.2347466006672575,0.2347466006672575,7416,1311087,176.79166666666666
1991.4,0.1172800626559765,0.3917166337988262,0.13566456391831808,0.4808380577688415,0.12029355085339163,0.23395955715274191,0.10549383109789069,0.2506869933516428,0.15547828996996574,0.3075003041939075,0.1558165109815738,0.3349174082698647,0.048117819029652606,0.24860798485914948,0.0392999851133827,0.2868307827962615,0.20036646535909772,0.22246302598287637,0.20561422063394696,0.20561422063394696,0.109856866411233,0.2467124234927529,0.09010503305864595,0.09010503305864595,0.2265216642445521,0.3013078866789023,0.22419063446968762,0.22419063446968762,11710,2098517,179.20725875320238
1992.1,0.11707310757062978,0.396875126569069,0.1462677588986282,0.47583381261335544,0.11248603187404654,0.2330777777289586,0.10377502303966636,0.24749863220800308,0.14784666129737223,0.30214216521646253,0.1498794592091231,0.3280397381557651,0.041062244394554547,0.2455827767411902,0.036798222524974854,0.2813689240309989,0.1960301775156155,0.22276768625495594,0.20533095841328428,0.20533095841328428,0.10196762263879676,0.247226651880979,0.08793679712406997,0.08793679712406997,0.2311250375364698,0.305804936853733,0.23191943102321189,0.23191943102321189,16593,2813219,169.54251792924728
1992.2,0.1549991521746083,0.39860257957550443,0.20028299410085845,0.4937542467842896,0.13162078186464968,0.2323375792225851,0.12476197948976622,0.2519257639128024,0.17544909246086327,0.3063769787278292,0.18609893276030143,0.33679430691528045,0.06086811200485048,0.2444871900189864,0.05872032177814128,0.28521543324141624,0.2174000391251674,0.22925775379455543,0.22708588809186758,0.22708588809186758,0.12147987804027387,0.24565370871001613,0.10825078985700112,0.10825078985700112,0.24798613322023888,0.30709781220912724,0.23785102376756265,0.23785102376756265,9936,2066675,207.99869162640903
1992.3,0.13562535772168455,0.4038386455457393,0.14470579739048933,0.48696005622544497,0.1248182842221118,0.23745923523111304,0.10769720534039813,0.25511127949747453,0.162311670256692,0.30943475483706934,0.15866741434767564,0.3380548199620846,0.048327374927925396,0.25037834196846986,0.032484811840786144,0.28707046959458926,0.20680026050456587,0.22839703896898564,0.20529865815585152,0.20529865815585152,0.11599140296597754,0.25039336727677564,0.09373343640256074,0.09373343640256074,0.23753650036126933,0.3075948644861781,0.22969527352263086,0.22969527352263086,4359,892541,204.75820142234457
1992.4,0.1326360607267844,0.3947394355701506,0.1505930506403211,0.4819398652577321,0.12828065783440684,0.23079312245468708,0.11295572452189341,0.24872237245794135,0.173208871919051,0.3057639350406461,0.17608011276300056,0.3333517151661301,0.05542900760780999,0.23996514413152747,0.04421005482792789,0.28088154130932036,0.21150390512731726,0.2243869430966153,0.21453379642273862,0.21453379642273862,0.11987870710423866,0.24345686885018042,0.09893535791335246,0.09893535791335246,0.24132553052675945,0.30538129550917054,0.23513523529185137,0.23513523529185137,15080,2659741,176.37539787798408
1993.1,0.13552403429603962,0.3893915007782269,0.1590946786840098,0.47226609696205474,0.12744690094932867,0.23223775799514107,0.11721325354467028,0.24774547771401917,0.1707426810335031,0.30394771312026836,0.17318597163087687,0.3293242849743847,0.05107635047811956,0.23660758096072304,0.04315166442793936,0.2767573826222094,0.20512988312588532,0.22463133740439056,0.21035252076677857,0.21035252076677857,0.11681240581702437,0.2455726555530938,0.10200358333493824,0.10200358333493824,0.23021998154087714,0.3056429339010986,0.23268006598273971,0.23268006598273971,22731,3603497,158.52786942941358
1993.2,0.13283114476995878,0.3991348516786074,0.15141012863100756,0.4817385531742455,0.12593986800792686,0.2341379679896412,0.11173806211787393,0.24911524360609213,0.16408525191966625,0.3027713096732642,0.16409815241582665,0.3293522713248794,0.05207735766989533,0.24381074341806566,0.041383177392256186,0.28305696400342395,0.20653097791533637,0.22635002992966707,0.209210094282698,0.209210094282698,0.11556668367763419,0.24724059003374074,0.09612519093576308,0.09612519093576308,0.23520126480675363,0.3047005561909856,0.23207895987166688,0.23207895987166688,16857,3151639,186.96322002728837
1993.3,0.13323837148364825,0.40113712573860055,0.1398443747719495,0.4962050864344845,0.12111376491610264,0.23402691950920712,0.10620906162605316,0.25149638974478516,0.1602080714431214,0.3041306413748799,0.16254187241359253,0.33250045438546116,0.04739213700895107,0.24286681483254546,0.03290350267895013,0.2849034574983318,0.2065011065156326,0.2287307742769795,0.20688686724874192,0.20688686724874192,0.11097474624032143,0.24743568149528125,0.0900194309132053,0.0900194309132053,0.22987954435351174,0.30379673883934194,0.2220440442023045,0.2220440442023045,6468,1259572,194.73902288188003
1993.4,0.13961917169452148,0.4066194314513605,0.15514963018051092,0.4912810909510797,0.1293742396910647,0.235134079929844,0.11290574177321415,0.24865197578693285,0.16711450854468665,0.30511350742545357,0.16785190608685646,0.33193158193806965,0.05764423179921442,0.24568262779375266,0.04894973018606449,0.28476127011458785,0.21147211726340734,0.22650456401859767,0.21241015976750327,0.21241015976750327,0.11938174678317955,0.2489185498325174,0.09737912320966176,0.09737912320966176,0.24034620376469293,0.30260134868781413,0.2329530852351701,0.2329530852351701,11550,2212921,191.59489177489178
1994.1,0.1308278472113849,0.3935092700559554,0.15289161026300452,0.4763925314561882,0.12166264566797569,0.23376031872893416,0.1094253819540141,0.2469042400973646,0.16132124573254805,0.30404438144802215,0.16252023658020326,0.33032854005629186,0.04699349188578889,0.24038633363773068,0.04184005532956037,0.278462185073263,0.20599000950580842,0.22505687081947745,0.20907366409277559,0.20907366409277559,0.11107477207219354,0.245693977439456,0.09464103199306086,0.09464103199306086,0.2320901638142022,0.3042619145291879,0.22802222707996775,0.22802222707996775,20870,3622876,173.59252515572592
1994.2,0.1387750474158052,0.3959235051015242,0.17040475931279359,0.4822132500041916,0.12519774654626384,0.23399355533966948,0.11826630685731149,0.25110536493199115,0.1630268674022884,0.30341234191157956,0.1748697702921297,0.3313696441745896,0.050603029922031584,0.24178121233513405,0.04712910768019701,0.28271063878505814,0.21257906565294873,0.22731231294120477,0.2188225581267979,0.2188225581267979,0.11523268547826558,0.24637767132009156,0.10381961735068293,0.10381961735068293,0.2359669287507599,0.30341390787692835,0.23306464987846232,0.23306464987846232,15358,2620272,170.61284021356948
1994.3,0.15336685973596562,0.39543500243561,0.18371706735037877,0.4813216344868887,0.12834931504588287,0.23164417334706477,0.11869372354327798,0.24617096399474184,0.17164048712345453,0.3025319801251527,0.1829272251838494,0.3320071513942599,0.05622150713096277,0.24043145389980952,0.05403421616613396,0.27889192422165543,0.2208355250729555,0.23175550235038547,0.22650362618225808,0.22650362618225808,0.11869970587836769,0.2442279469759976,0.10401214571575122,0.10401214571575122,0.2408080234990947,0.3091466249003248,0.2394185964525975,0.2394185964525975,5317,1025918,192.9505360165507
1994.4,0.15033275892338796,0.4210438692959427,0.1687010475120501,0.5124431270312123,0.13353927782137778,0.23819049374565718,0.11631043804290918,0.25584513841835044,0.17590093217651281,0.31014618547585704,0.17255382373379013,0.33953792400508864,0.061109470964776744,0.25407532134748295,0.052226235748300785,0.29329614612749977,0.22047871586122295,0.2330807184565493,0.2184438576627239,0.2184438576627239,0.12341517340862218,0.2514755758749413,0.100983171198398,0.100983171198398,0.25176240529592103,0.310908776554791,0.23846499590613512,0.23846499590613512,11418,2318502,203.05675249605886
1995.1,0.14561682991574348,0.40603340724843573,0.17888847393630294,0.4925178523807675,0.12786196498632402,0.23523493885073005,0.11773829964229274,0.25223680239019686,0.17057073779284634,0.30733428466037555,0.17408230242504322,0.33503128319586184,0.05373504319816718,0.24435212102621756,0.05091013766464308,0.28688815013001623,0.21605134333875797,0.22985880706163747,0.2215457905057883,0.2215457905057883,0.11745151285159544,0.24814373331003198,0.10282131975921666,0.10282131975921666,0.24317549695521962,0.31011794982819707,0.2381189940830615,0.2381189940830615,20759,3770463,181.6302808420444
1995.2,0.13012832701455013,0.3923675171357066,0.15433391736391416,0.4929456181489481,0.123841774023576,0.22751176468191445,0.11517055044511962,0.2526754515841721,0.16055454854988277,0.2996961195423528,0.17081551779642984,0.33363413454603047,0.055397549342232795,0.23979275697303643,0.04740186583611604,0.287472040770191,0.20907460796870075,0.22532588523600725,0.21737798591105878,0.21737798591105878,0.11356548014340694,0.24015919472873826,0.09978314207680848,0.09978314207680848,0.23194158051584882,0.3162175276279887,0.23199521597500836,0.23199521597500836,14983,2859863,190.87385703797636
1995.3,0.16661846693056814,0.39492716553784646,0.18830877583325015,0.4890057950903035,0.1351639369283324,0.23223487182389438,0.12159025151528886,0.25528431226915776,0.16107451170402323,0.3007750622253468,0.16462944947735536,0.32977126280888197,0.0708238864063049,0.24334078354129446,0.05856657426947821,0.288602344034165,0.2209892940968886,0.22932518401772184,0.22183112073104524,0.22183112073104524,0.12587594475303257,0.2452672329232541,0.10679385796773433,0.10679385796773433,0.23424611278691054,0.31661013247825054,0.23916569634209978,0.23916569634209978,4292,866677,201.9284715750233
1995.4,0.1468230596314991,0.4078240817593407,0.17608124378651027,0.5101573175431999,0.12777462152064625,0.2315673530201076,0.11658329728977761,0.2555458276582794,0.16682551744278237,0.3052834013113676,0.17299296111146173,0.33735994789490203,0.05804068419639656,0.2463638764116296,0.053503798083912285,0.2942532542774238,0.21409846716383515,0.22775353186127126,0.22271079660065243,0.22271079660065243,0.11805012330412311,0.2445817650093283,0.10144523376048485,0.10144523376048485,0.23909659285217738,0.31847325078208716,0.2400969570615391,0.2400969570615391,12441,2545660,204.6185997910136
1996.1,0.12688687893517084,0.4023623975545859,0.14340810131330697,0.49937784230522114,0.11763644249370815,0.231150620838528,0.1069388315800569,0.25347687289876814,0.1541951664336667,0.3043478857859921,0.16066579297807804,0.335749872827502,0.045262472160438,0.24031597094493412,0.03857377504276104,0.28893933129724125,0.20203238572232393,0.22619223825228224,0.21141638001734833,0.21141638001734833,0.10706688217804766,0.24467969964673092,0.09178559657075229,0.09178559657075229,0.2270742997851057,0.3149576617911108,0.23341189582259098,0.23341189582259098,19641,3654479,186.06379512244794
1996.2,0.12536550312016057,0.4067086949100703,0.1493152973521413,0.4957400666021539,0.11469683473710533,0.2312788821662501,0.1107461220027768,0.25283284587945415,0.15037825002951238,0.3042267311919389,0.16676766216583544,0.33436306657889125,0.046269136950240625,0.24288752936979657,0.04106762617723305,0.2869924982008716,0.2018509701014185,0.22695587641233614,0.21481440735276874,0.21481440735276874,0.10485589946345607,0.24454566073084652,0.0964984127555846,0.0964984127555846,0.2267020827772901,0.31850500227622236,0.23472310968935509,0.23472310968935509,15527,3016170,194.25323629806144
1996.3,0.12678022144223186,0.3946157301503384,0.17410870514310653,0.4861509725649638,0.11730229651373686,0.23203759019757808,0.11933235677657905,0.25224357840197215,0.1457639765866969,0.30239911599586844,0.1704551972181251,0.3324877315599711,0.04280979270456981,0.2446323150871142,0.05016830628494025,0.2879361815721836,0.20525678334666525,0.22693958364276243,0.22344434270039798,0.22344434270039798,0.1051139727183362,0.24578993156596693,0.10317114407702745,0.10317114407702745,0.22525578422151116,0.31401389363804927,0.23970176394208603,0.23970176394208603,6067,1129851,186.2289434646448
1996.4,0.11609751721703171,0.4055131627195331,0.13319221561305458,0.5166918595515807,0.11535986094539019,0.23204577402309953,0.1041933859691804,0.2569750270287637,0.14407322557251717,0.3058592157769898,0.14946201406321188,0.338152489669311,0.050072263917563274,0.24727088605200861,0.04302930804309548,0.2946097526129701,0.20052482251311474,0.22511284314262345,0.2102275319438873,0.2102275319438873,0.10392642910944044,0.24540841903918528,0.0879739607543051,0.0879739607543051,0.2279531598589338,0.3181335896977679,0.231422216083628,0.231422216083628,13170,2685760,203.9301442672741
1997.1,0.11910405795805797,0.4063055316270309,0.13184038463737627,0.5052170781085278,0.113601160102063,0.23356129910016857,0.1054712976935344,0.2568456619378026,0.148219813477538,0.3063426133318496,0.15603532941346995,0.3385011648262243,0.04348947897274825,0.24410637036408656,0.034011766481902975,0.28939253085192607,0.1987425640162326,0.227121305927864,0.20907506161423053,0.20907506161423053,0.10269223542220926,0.24637533732412165,0.08982718123327638,0.08982718123327638,0.22854684194149694,0.31667568186740114,0.23805612734780895,0.23805612734780895,15059,2859333,189.87535692941097
1997.2,0.1778743654520544,0.41548987526297804,0.2340494210820722,0.5122195092704573,0.14051328336946983,0.23466034305665218,0.13800850036539514,0.2564787367315398,0.16862397053361927,0.3075118707408015,0.19172280476366457,0.34126505120496414,0.08292917865573582,0.2590125644766612,0.08967402368927326,0.29750534620185753,0.23668082907087384,0.23629984116746489,0.25113208735567616,0.25113208735567616,0.12901463505806568,0.2491271249000927,0.12111306613189243,0.12111306613189243,0.24667929097515304,0.3157505811254628,0.2553862270070548,0.2553862270070548,7785,1729124,222.10969813744381
1997.3,0.16379028130029946,0.3938291956155673,0.1989316159517369,0.48809931824215363,0.13596794673676396,0.23176761229947648,0.12542122079847684,0.25192276781961237,0.16882941598044315,0.3052160749423831,0.17456888150969818,0.33562082361072676,0.06761242530700501,0.24716604759311298,0.07021530155886363,0.2877294030146638,0.2294298511998614,0.23192275791761385,0.23251915966276915,0.23251915966276915,0.12289904848926936,0.24587439397758906,0.109395113711065,0.109395113711065,0.2473234436958898,0.31682182933839936,0.24843711626233955,0.24843711626233955,7245,1425985,196.82332643202207
1997.4,0.1550574843959061,0.41039490567021936,0.19411657734042118,0.49527072603363936,0.13480384707424423,0.23581854311014985,0.12830413110841743,0.25404779796039,0.17317670181586556,0.31148016157167996,0.19040954542566083,0.34006234308291194,0.06568624190539493,0.2519000318183204,0.06521507927952848,0.2903108018214984,0.22628205645605312,0.23642625193105196,0.23663200022970515,0.23663200022970515,0.12307053375439529,0.24987082955409567,0.11285717933465973,0.11285717933465973,0.2276932870764272,0.30596153276003973,0.23746123971404381,0.23746123971404381,13164,2520813,191.49293527803098
1998.1,0.1474640085843361,0.3922734136541312,0.18117627996884034,0.4685785915597271,0.12768913822177702,0.2322345021089493,0.12272827757939386,0.2481282077175596,0.15975008133499816,0.3045262712686151,0.17356568812233195,0.32938643225436864,0.05290057968855552,0.24521663615232395,0.052289591246712355,0.282940991776006,0.21338903334971113,0.23039091286000435,0.22344056530199116,0.22344056530199116,0.11362258741488546,0.2470224843118539,0.10452909032794235,0.10452909032794235,0.2215933328491278,0.3039673846075092,0.23956650746257566,0.23956650746257566,22744,3901812,171.5534646500176
1998.2,0.1465301601812067,0.40848035293759266,0.17173134414702293,0.49400573074394377,0.12656788344143877,0.23527855552879184,0.11587327383832402,0.25361415043596675,0.15968596104745367,0.30769831185185836,0.16781847361595753,0.3362254184657625,0.058730967370500715,0.25308598547593164,0.052517212730701146,0.29083615103419985,0.21846515887044074,0.23176878885492966,0.22223723834793221,0.22223723834793221,0.11346498461702824,0.2497493304112171,0.09851634606897786,0.09851634606897786,0.22411592228860805,0.30535069653146363,0.23454385418163856,0.23454385418163856,16910,3142070,185.8113542282673
1998.3,0.15241435308243942,0.40211362292445874,0.18632598872672568,0.48226464198050534,0.12811786253695856,0.23525767088396055,0.1244806056916122,0.251894916665793,0.16376161735875855,0.3072500836030568,0.1790485885912764,0.3338882002742869,0.05938128445413352,0.24825233992015816,0.05801532207607916,0.2868818284055207,0.21816103113010338,0.2333527780326826,0.23120775722357534,0.23120775722357534,0.11645900897919428,0.24919450991742312,0.10714777113636684,0.10714777113636684,0.22219632301213485,0.3031612564701219,0.2430756966726346,0.2430756966726346,9072,1692327,186.5439814814815
1998.4,0.15013335504962122,0.40912101727280475,0.18889389714938845,0.4992693545162608,0.12970725424308002,0.2328488870961887,0.12272714113985465,0.25355950888400774,0.16038731756203453,0.30665022647659795,0.1768951692428409,0.3364640848225351,0.06390499593872843,0.25724976241380615,0.06460422143685522,0.2950142697575714,0.2284595117520832,0.23573790936897562,0.2372964487675064,0.2372964487675064,0.11710711480436421,0.24790262510355254,0.10591969530641919,0.10591969530641919,0.22967110822150108,0.30403788497072437,0.24183026178574005,0.24183026178574005,13019,2531944,194.48068208003687
1999.1,0.1435865537477608,0.41248034979539655,0.16962951348998975,0.4969190639060202,0.12833603785651443,0.23975721341005538,0.11892194108921636,0.2566337788555409,0.1594858829743459,0.3112760551562734,0.16773810215206475,0.33862217824201324,0.056858764016288484,0.2555077476786913,0.05334188707665521,0.2933619647114869,0.22166741948640398,0.23845502989086834,0.22675028868390015,0.22675028868390015,0.11556559643094316,0.2539138361088474,0.10220644183230725,0.10220644183230725,0.22608944862560643,0.3107757620025397,0.2383433421127406,0.2383433421127406,19060,3501734,183.72161594963274
1999.2,0.13766494412236227,0.42017748581758796,0.1655166159878972,0.5099545402626374,0.12696324472312684,0.23958470341591587,0.1170866250479187,0.25974450059455156,0.1536635438340782,0.30943880587300604,0.16348060531015376,0.33883871598215504,0.057277830995558915,0.25851390203328745,0.05016802584166841,0.2979550079974422,0.21798447507324048,0.23589658980190972,0.22656090848943222,0.22656090848943222,0.11307222955076954,0.25483499963777767,0.100085747354862,0.100085747354862,0.22252636372072315,0.3078596527414225,0.23558953110648184,0.23558953110648184,16526,3336397,201.8877526322159
1999.3,0.14250128978373525,0.4032545150422211,0.17183246641336908,0.4923579085629336,0.12837698375375897,0.23511346886673962,0.12069069299820287,0.25370993432749844,0.1576328908280153,0.3075289718130318,0.17197427291022968,0.33634783891394976,0.05631256538224857,0.24785626739838434,0.05443710963956187,0.2898778227505802,0.22250480296068922,0.23449800364551712,0.23007991795829952,0.23007991795829952,0.11493997092938966,0.2484817934568471,0.10333025471078114,0.10333025471078114,0.22607584329961922,0.30879170088425034,0.2413582115946987,0.2413582115946987,6732,1212702,180.13992869875221
1999.4,0.14468082484768457,0.4135294304504133,0.18268378634120627,0.49758753801062877,0.1299451382485754,0.23897783502374953,0.12460027005277935,0.25645262340741865,0.15683453517528345,0.31137145410699857,0.17450534486912717,0.33841934234556187,0.05854756214025378,0.2589942808291918,0.05914392137803746,0.29487552143228385,0.224382360505304,0.23725597445430466,0.23442948391540533,0.23442948391540533,0.11668392975405653,0.25393268301794814,0.10706644068072432,0.10706644068072432,0.22810524670874877,0.3096599494630457,0.24675375799271054,0.24675375799271054,12725,2420387,190.20722986247543
2000.1,0.13754657604717563,0.4012583762575689,0.1650265621619043,0.48485915244188504,0.12251869081327041,0.23741711583749744,0.11666962585663627,0.25440860866081194,0.15232535011729426,0.3033696331565655,0.16292368816484648,0.32955240463015045,0.05294768973271435,0.24997766780356862,0.04951047612140373,0.28891234857112885,0.21270396291046995,0.23228527175600583,0.21925204981562596,0.21925204981562596,0.10945449913012835,0.25207834918326927,0.09969556685652943,0.09969556685652943,0.22493589382788146,0.30914754001856715,0.24034486925929607,0.24034486925929607,20111,3450493,171.57242305206105
2000.2,0.1389296495770145,0.40709890947485683,0.16600629156315674,0.4840373669081754,0.1262246592474723,0.23799798515122927,0.1188606808891799,0.25518729441921273,0.15712857066429695,0.30917768719815847,0.16731541596167382,0.3335998686999179,0.05507176761520339,0.2541350926339643,0.049236578217398796,0.290237109338398,0.21910608843555796,0.2346898793871961,0.22474059214008282,0.22474059214008282,0.1135700387398945,0.25190615086643003,0.10149943099174509,0.10149943099174509,0.22709581118824887,0.30862671183683904,0.2396230881759111,0.2396230881759111,17442,3128243,179.3511638573558
2000.3,0.1283127349772683,0.40957548130786203,0.14849245000299513,0.4923018274207739,0.12120970089953134,0.23711234837741912,0.11245791974423054,0.2543233076557984,0.14913958795760904,0.30463476553465374,0.1538549716821587,0.33058736196558497,0.05258092972996788,0.25403368156721406,0.04799007038562803,0.2890310817248652,0.21527136543873562,0.23220458838560604,0.22033453161651212,0.22033453161651212,0.10785750912708754,0.25170503722835375,0.09402746141357843,0.09402746141357843,0.22204821038506042,0.30914685956548443,0.23771735024992507,0.23771735024992507,7103,1261050,177.5376601436013
2000.4,0.14541867816991275,0.41537355619452515,0.17773600080459653,0.4987465187174227,0.12896471065766227,0.2418762007226837,0.12081174703000017,0.2565676751187907,0.15879251418536572,0.3106789008500287,0.17143959062707914,0.3341763385358987,0.06034370615327822,0.2598284722311733,0.05676063292485347,0.2955539872410052,0.22230165104084348,0.23780413719338384,0.22871305947336937,0.22871305947336937,0.11653453676829373,0.25537145034053865,0.10362400553522647,0.10362400553522647,0.22514726660945245,0.31000356995048617,0.23935659765558562,0.23935659765558562,13265,2391671,180.2993592159819
2001.1,0.12255462891379482,0.41629430692221253,0.1439468962675391,0.5027358071676878,0.12051026799833,0.24354206465063827,0.1111080198881467,0.2599528589327465,0.15247994847532037,0.3118484559999081,0.15937027837346682,0.33659154743488995,0.04849236098457295,0.2600556143150901,0.04256977836510301,0.2981915941517978,0.21293268604791885,0.2353304205516889,0.21986101474106254,0.21986101474106254,0.10769167153957161,0.2578004072654987,0.09438469638020952,0.09438469638020952,0.21771412185930097,0.30808983896265696,0.2311423287593481,0.2311423287593481,18350,3315714,180.69286103542234
2001.2,0.13981835574187082,0.4097355336441888,0.17046239816739606,0.5023837499143851,0.1230876563280546,0.24007156953743924,0.11967375909986258,0.25943786894098797,0.15200524713239136,0.3064787705031279,0.17127191736249,0.33979423782902374,0.05036421666442393,0.2559933462835865,0.050914564919754525,0.2966713593161468,0.21747255138205976,0.23517050664756098,0.23575141165538047,0.23575141165538047,0.10933113386833311,0.255321633693571,0.10096617226522679,0.10096617226522679,0.22458489117417801,0.3070787561313924,0.24439121039608805,0.24439121039608805,8503,1631702,191.89721274844172
2001.3,0.18306078235248227,0.44059725590683535,0.22730985248900135,0.5244288365710839,0.14828363689769847,0.2444545458642,0.14357252401325976,0.2609054383605479,0.18247088163111547,0.3180552393962905,0.19611487090737323,0.3450274705646267,0.07883234743706422,0.2684325426543557,0.081554551304266365,0.3012980030766862,0.24964114386400477,0.2495119592950166,0.26788218586085694,0.26788218586085694,0.1347169904810893,0.2590474027578268,0.12520061763517354,0.12520061763517354,0.24127821477409775,0.3147408227418697,0.2641312645299809,0.2641312645299809,4066,858737,211.19945892769306
2001.4,0.1440203268837224,0.42260550688751214,0.1642667707566554,0.5067624894815175,0.12949147406918235,0.2409173562405264,0.12129820622911758,0.26122051185645084,0.1685998229846353,0.3115628601572788,0.17579310635396833,0.34088459382794306,0.05008184863821364,0.26376230768628794,0.0423097066780479,0.29922010806105803,0.2336674520969153,0.24130361862627556,0.24262613092823004,0.24262613092823004,0.11515164585997921,0.25589145194978813,0.1038715592892979,0.1038715592892979,0.23604623310786824,0.31384625294877677,0.25066296727061005,0.25066296727061005,15470,2910776,188.15617323852618
2002.1,0.15422519135252027,0.42854330748074004,0.1911854536927053,0.5045725700105665,0.13769921505164942,0.24474035649640147,0.13820121218879738,0.26114596186136374,0.17769978608865214,0.31280410471364495,0.19564115610923655,0.340767172210484,0.05902727395395091,0.26004584077162984,0.06105213396599031,0.29326323571046725,0.24054958145256067,0.24524444936351336,0.2565577991578048,0.2565577991578048,0.12458230873015336,0.25963284439558776,0.1215732456679159,0.1215732456679159,0.24622941171149304,0.31752973468946016,0.26903433675227223,0.26903433675227223,15043,2907174,193.2575948946354
2002.2,0.16016048210246173,0.43734540736677036,0.194035485642587,0.5130006836778133,0.1397028218749892,0.2476069108230878,0.13489098175015765,0.2632666533803783,0.1762053846966697,0.31779512942639276,0.18488307441636456,0.34280677832883033,0.06342903162683393,0.26151148663028834,0.06501704739406369,0.2955252365385145,0.2426927613907531,0.24869433051810366,0.2576391603369442,0.2576391603369442,0.12604781430962791,0.2617009775727119,0.11809207651145791,0.11809207651145791,0.24397916732179256,0.32168113658341785,0.2678516593760419,0.2678516593760419,12516,2573614,205.6259188239054
2002.3,0.14665621685552577,0.4395125114992238,0.1698425622181229,0.5127736459099593,0.12784489849116984,0.2459586991015095,0.12797590100657258,0.2624758313821511,0.1647320520682364,0.3200713290153433,0.1819793416484584,0.3453159756056507,0.05153195547657249,0.2610607883517942,0.05270915330038915,0.29566415918443184,0.23148449500338852,0.24354872902397393,0.24772965266450225,0.24772965266450225,0.1135205189498284,0.2600035910182187,0.11005395619508891,0.11005395619508891,0.234883759576594,0.3200946150998253,0.2584842891432487,0.2584842891432487,6350,1207701,190.18913385826772
2002.4,0.14552893372264894,0.42106897730987497,0.1574735477310709,0.5019475075902736,0.1361080956376444,0.24404543522321298,0.12002411148823887,0.25746075485107717,0.17342453914184397,0.31295270698989835,0.17376784486524482,0.33787573950104466,0.0582804344818711,0.2599825142541121,0.048130416866780434,0.29449718457601337,0.24028415780368578,0.24465856495656224,0.24113730717985168,0.24113730717985168,0.12269883961436291,0.2580902446760119,0.10298246679747416,0.10298246679747416,0.23944971723571223,0.313446830175589,0.24860795864807092,0.24860795864807092,14375,2473244,172.05175652173912
2003.1,0.14181998592100473,0.4280161729290253,0.16036895579643093,0.4981325917520209,0.13153935870912536,0.24265207438834643,0.12316009316201237,0.2567877398201254,0.17292489391943194,0.3150027408277613,0.18033641564167863,0.33848082572751004,0.05351586630587653,0.25813703097820107,0.0462332240909323,0.288143445233847,0.23413540796333013,0.24180417494261697,0.24064881292386486,0.24064881292386486,0.11712927082131891,0.2560227047294364,0.10551428914974112,0.10551428914974112,0.2408872717750768,0.3129503193113249,0.25485036305967945,0.25485036305967945,17396,3015813,173.36243964129685
2003.2,0.14618907378345755,0.42586291677905824,0.16587910852220944,0.4982407902875065,0.13294069262534217,0.24266908507171794,0.1255979656883472,0.2568278175528285,0.1714383932499987,0.3152055597311853,0.1764302411681109,0.33785966930734906,0.05677255910214489,0.2599493158914704,0.05391178251925459,0.28975564274222027,0.23525579430210836,0.2413599209905916,0.24396714737296202,0.24396714737296202,0.11793806554476213,0.2573921099131924,0.10723929784177089,0.10723929784177089,0.2397421755432282,0.3149179648957277,0.257965085381989,0.257965085381989,15861,2718600,171.40155097408737
2003.3,0.13700766145166327,0.4169279896892165,0.15891867549434988,0.4850168255215094,0.12580972897677284,0.23776085844225275,0.12226337140398527,0.25234744816099003,0.164133529122863,0.31318172526627325,0.1742022812599795,0.3366479562332238,0.052094095231804215,0.25562948356681814,0.04905084911457409,0.2867845578645876,0.23261046462319204,0.23855109392785273,0.2415129137153511,0.2415129137153511,0.11134172241430157,0.25352040094510025,0.10312058472820577,0.10312058472820577,0.23467094581585013,0.31175992174497574,0.25356751847938414,0.25356751847938414,8198,1425555,173.89058306904124
2003.4,0.15910641681894744,0.43497749473511677,0.17608112837259168,0.5020685473651673,0.1349059394535254,0.24264984165718537,0.1291726427306288,0.2580737387098547,0.17878800789679397,0.31570270468064615,0.1870284470121086,0.34164475695733615,0.060336435709478053,0.26334450467619025,0.055578465430308366,0.2939229119005537,0.2401332145608377,0.2436302612240529,0.2516834207346049,0.2516834207346049,0.12140505032570893,0.2571402982966164,0.11148566940701632,0.11148566940701632,0.24194677257636776,0.3165674458638693,0.25811424558083496,0.25811424558083496,12274,2225104,181.2859703438162
2004.1,0.14863831551827503,0.4249030444409269,0.1696669370851265,0.500790865640932,0.13395206023331863,0.24144864962475002,0.12979857207547596,0.25767407617026433,0.17493001112225492,0.31288680318028395,0.1822818830005952,0.3373297384537339,0.0548803435296701,0.260432595592596,0.05534725649402819,0.2944345199359486,0.23884715776091162,0.24355870579182803,0.24868602329236872,0.24868602329236872,0.11880188736927269,0.2564139333567975,0.11175931499053875,0.11175931499053875,0.24579787761210745,0.31486222666768765,0.2664749280938167,0.2664749280938167,17956,3229810,179.8735798618846
2004.2,0.15221248186248845,0.43318557542884545,0.17155608954057192,0.4976987436393197,0.13045112054143537,0.24208527957593262,0.12564906285819713,0.25532568502530967,0.1689465892654653,0.31531685755811084,0.17421752717557548,0.33591702964253967,0.05560702093498561,0.25885885273737624,0.04963985732502163,0.28931379823594844,0.23606660765399115,0.2433619085370732,0.24680429455339523,0.24680429455339523,0.11615253855034,0.25733628194255037,0.10708785116563745,0.10708785116563745,0.2428912112453546,0.3181485028060858,0.2605567731659295,0.2605567731659295,14057,2615107,186.03592516184108
2004.3,0.14534026988989696,0.4304037697814222,0.15828516481953517,0.4951485424546644,0.1346718312073913,0.2424734162549824,0.12887224677481834,0.25937456315442636,0.1669183935632204,0.3165339062823788,0.1763142699699828,0.34015143048467683,0.0594685045009216,0.26718012069667313,0.05483753782868145,0.29668499140466176,0.2381890310575922,0.24199637643677124,0.24837012248026222,0.24837012248026222,0.12103474441118921,0.25809982117598335,0.1108085873707779,0.1108085873707779,0.2468724816257947,0.31879137277239705,0.2577679278616278,0.2577679278616278,7215,1347079,186.7053361053361
2004.4,0.15789455877180061,0.4436483280480575,0.1758027985168565,0.5158999016206237,0.13421483242043433,0.2463540337085199,0.1278813778414316,0.26224182499965865,0.17121894818156752,0.31506105087232694,0.17651375316844223,0.3411597313742656,0.05751762580931011,0.2669546105691544,0.05316408322240802,0.29859612866495466,0.24177055859395377,0.24541624303532358,0.25300944184412305,0.25300944184412305,0.11921422005977103,0.26103287232601236,0.10913518709446714,0.10913518709446714,0.24197178108247686,0.3197901710813238,0.25745630930446517,0.25745630930446517,14073,2516990,178.85241242094793
2005.1,0.14907930905614772,0.4338383417289368,0.1654707945484856,0.5003130878154135,0.13169893231266908,0.24413152947583808,0.12438445798555482,0.25871381666202936,0.16990957647792385,0.3151945739835343,0.176359909397699,0.3390057340630487,0.05737041624980261,0.26058869975519394,0.05318180889116896,0.29155672222546947,0.23656195959567738,0.24346283692968687,0.24477731001865638,0.24477731001865638,0.11784661654308214,0.2584837312970236,0.10665850236931693,0.10665850236931693,0.241706211153784,0.3176813471219805,0.2596832586494036,0.2596832586494036,15663,2714909,173.33263104130754
2005.2,0.17669402310273408,0.44674200910742734,0.22574975784890208,0.5404593366768399,0.14510641956450626,0.24573161779370248,0.14502100963222114,0.26755205031748985,0.18182157651039607,0.3185901126066125,0.19976919510229138,0.34940238840072047,0.06776748169440583,0.2654062312013597,0.07639198980081255,0.3056516490964571,0.25243449059862927,0.24756524365882826,0.27357082360950424,0.27357082360950424,0.12935807620327905,0.260532413159612,0.12624129786097224,0.12624129786097224,0.25175985314899724,0.3172347411452121,0.2679915097663146,0.2679915097663146,8349,1791138,214.53323751347466
2005.3,0.17723421437835335,0.43545628890288884,0.18986755377827597,0.4979389938701285,0.14170562524859195,0.24485954891015632,0.1319676075997921,0.255196567955798,0.17170005193516127,0.313003071907432,0.17446698454051146,0.33206350793858025,0.06630621387240047,0.26736963145164466,0.06056852649674132,0.29502329564080226,0.2496903178448004,0.24770430289253828,0.2524806103874026,0.2524806103874026,0.12825475292928462,0.25944683038325467,0.11476850070485256,0.11476850070485256,0.25368730096201075,0.3165551037398724,0.2631280229075046,0.2631280229075046,4166,731500,175.5880940950552
2005.4,0.14225864531192028,0.43708653652684676,0.16000027548275111,0.5030368396199679,0.1273024272625738,0.24380844508517813,0.12031021433702986,0.2587603623043724,0.1662650768578463,0.315106237201678,0.17016212779871104,0.33588362584089376,0.05413454093267294,0.2632169835209471,0.04816925864817853,0.2935993776317458,0.233576955344106,0.24200292267779222,0.24322449024672135,0.24322449024672135,0.11267152441818815,0.25843430759321473,0.1020753902819235,0.1020753902819235,0.23613306224457253,0.3151162196055693,0.24827838336068475,0.24827838336068475,17114,2776283,162.22291691013206
2006.1,0.16165628297635795,0.43214312835830354,0.19065960964253711,0.49650619372765414,0.13666606526025193,0.24079893701173616,0.13603926267649302,0.2566622514937006,0.1746354035640357,0.3116807133293461,0.18880107043352415,0.33526805043614083,0.0628944071398594,0.25842180974955326,0.06281272524258824,0.28816597628424145,0.2425498543696341,0.24516042249640502,0.25596760057559936,0.25596760057559936,0.1221356590075932,0.2559199343435663,0.11791725979075746,0.11791725979075746,0.2445672888358364,0.31719479853815863,0.2663358155045185,0.2663358155045185,18268,2960759,162.07351653164002
2006.2,0.1661875408899113,0.4396969774005631,0.19334853999609328,0.5049508091869548,0.13850424676880346,0.24447517160548982,0.13846703540006386,0.2600932826059408,0.17945624044973543,0.3146778293766877,0.19057822151028023,0.33848886919570753,0.06396464846975854,0.26032957920174826,0.06454687645996066,0.29146483280271385,0.24635107254109415,0.24889649235162434,0.2586994118451552,0.2586994118451552,0.12439331048712693,0.2580359118221063,0.1210204373116776,0.1210204373116776,0.2526810710700714,0.3200597251631032,0.2675150269215957,0.2675150269215957,13753,2374163,172.62873554860758
2006.3,0.15420588068441282,0.44043763247935724,0.17798731614091967,0.50372299061715,0.1313889266342301,0.24436956470491406,0.12878319099124766,0.25904480653735384,0.17265003028819437,0.3156294234197568,0.18226585165829434,0.33967554903744823,0.0608958404428478,0.26325932015294373,0.06303010200275797,0.2952505123688093,0.24528682328962145,0.2507278185726196,0.2595347836033391,0.2595347836033391,0.11916826723578558,0.2586067989432943,0.11380091196726545,0.11380091196726545,0.245102556026334,0.3145230697108832,0.262709835035679,0.262709835035679,5252,971787,185.03179741051028
2006.4,0.1506687175873498,0.44178372083324824,0.17024356024604684,0.5128633904686236,0.12920417268856263,0.24398545230279797,0.12361406391133672,0.25925462766505303,0.16620939206722207,0.31529510351955503,0.17562186805416202,0.33758383699747885,0.0560699513529194,0.26193825209568355,0.05190455420439057,0.2944126458528588,0.2416244478218785,0.24528708566397225,0.25042654518677177,0.25042654518677177,0.1148260366974038,0.25843783035567724,0.10555844001032694,0.10555844001032694,0.24553334311347963,0.3207427268423602,0.26081226611692204,0.26081226611692204,14114,2539736,179.94445231684853
2007.1,0.17271333899907268,0.4362517052260308,0.19036639642609265,0.5078954374746398,0.13855309450309825,0.2432502975205139,0.13066614543661478,0.259020696531008,0.179543423339797,0.31477090548314623,0.1868636317022646,0.3382962532541764,0.06426419908312245,0.2587169463593842,0.06090926870463639,0.29262253569998575,0.24515838484372168,0.2460953605868445,0.2552891947120325,0.2552891947120325,0.12478580921971527,0.25683138074445133,0.11285360993654697,0.11285360993654697,0.25162078019898154,0.3218699886369259,0.2681520089055039,0.2681520089055039,17572,3143704,178.90416571818804
2007.2,0.1637048658712641,0.4407294017715185,0.1818905136192924,0.5057587873970376,0.13498189506926042,0.2434713269881378,0.13085044825811037,0.25846711759083646,0.17390534111764097,0.3147430854651618,0.18229074412940555,0.3392150450108574,0.06048837312990407,0.2593771863382196,0.05868234862534393,0.291581535089074,0.24155860002832477,0.24514650238419564,0.25460769429365027,0.25460769429365027,0.12128275033136195,0.2574499043615387,0.11319009871257998,0.11319009871257998,0.25245711916338043,0.32170269277609803,0.2670164337757594,0.2670164337757594,14408,2652513,184.10001388117712
2007.3,0.20703844540625896,0.45837391229501534,0.22002511944644584,0.5207558951793684,0.1618433187594669,0.24962413918343584,0.1566370840532416,0.26417434924934097,0.19786087891610923,0.31792955822361246,0.20920157086019864,0.34169669086029886,0.09300402746892943,0.275022235295428,0.08651090850802938,0.30087444785064205,0.2783052154365696,0.25727419777236366,0.2875148518232174,0.2875148518232174,0.14726507226242103,0.2637674119427754,0.13855209691619244,0.13855209691619244,0.2729399178401375,0.32490621766732175,0.2850908527218987,0.2850908527218987,5755,1078579,187.41598609904432
2007.4,0.1619941214868853,0.43543092736650196,0.18905878243991123,0.5132427836355536,0.1377992163790418,0.24054782270049,0.1369300617352525,0.2577743626397743,0.1839137464037454,0.311568712885231,0.19865107149524905,0.33822879126679883,0.06475896213310846,0.2607863567290998,0.0648146445053909,0.2949674009213546,0.24679146645687944,0.2442426411271786,0.26153446018956117,0.26153446018956117,0.1242308104518829,0.2548619845757069,0.11869314313614146,0.11869314313614146,0.254496789236953,0.31692976267389844,0.2705794861666425,0.2705794861666425,13951,2523887,180.91083076481974
2008.1,0.15890487567985082,0.4190785852469945,0.18952709136562307,0.4881439292254245,0.1345425639445799,0.2384773589513987,0.13345366903835257,0.2511887262149814,0.17418859378923646,0.30795798677417513,0.18744599811988136,0.33097592670726866,0.06470872228453875,0.2544938560864197,0.06616039176446091,0.2860376200172977,0.23963298511694267,0.24114529409968724,0.25455703438918903,0.25455703438918903,0.12048572915911106,0.25281657471195523,0.11486698870916823,0.11486698870916823,0.23800213151619523,0.313419632757305,0.25856369004011304,0.25856369004011304,20539,3306492,160.9860265835727
2008.2,0.14936540546911206,0.4346631331208285,0.17461454310183788,0.50202678756241,0.12986658797944733,0.2445606991840929,0.1286276562461992,0.25897103225549023,0.1651929721218693,0.31136446940046314,0.17677763812679026,0.3354398460558464,0.05431649760745589,0.2590138049941243,0.054320947078499396,0.2905496197266744,0.2381127813202699,0.24669683928193548,0.25185587091294154,0.25185587091294154,0.11412918687871813,0.258940914030979,0.10932764607848916,0.10932764607848916,0.23891338091800768,0.3177762902384562,0.26157762869058465,0.26157762869058465,16264,2822950,173.57046237088048
2008.3,0.15577297605557186,0.4317126867474474,0.19384642295834037,0.49679359955324653,0.13699808252075052,0.24237364481109863,0.13533232232674,0.25318933275547195,0.17134930520641345,0.30963151387807886,0.18505102527728423,0.33455289435848246,0.06469836704841708,0.2652733260081773,0.06815824927901039,0.29139744071772644,0.24180416660580342,0.24494994364793876,0.25644184118700547,0.25644184118700547,0.12270409517196179,0.257664422871528,0.11650585355577112,0.11650585355577112,0.2545211518790155,0.3222118761014502,0.2764328371826029,0.2764328371826029,4708,819012,173.96176720475785
2008.4,0.16838948376949708,0.4391466561923963,0.19635219382841243,0.5106015192278323,0.14047820499683875,0.24359081125802595,0.1373949859938908,0.25942361269682923,0.1756986767408302,0.31020355629130897,0.18553446177060473,0.33640805485589026,0.06963357042657611,0.26404860763619786,0.06728849462920745,0.29505766702870345,0.2567974332391717,0.25004494067354616,0.2681723657685278,0.2681723657685278,0.12642875536319823,0.2578579975526208,0.11820977878685447,0.11820977878685447,0.2594393732767754,0.32086720358885973,0.27154661465150337,0.27154661465150337,15055,2734178,181.61262039189637
2009.1,0.14968258017879835,0.445329810133664,0.16604883209806107,0.5155130320988718,0.13163913793216891,0.24554563581799307,0.12432219510234697,0.2608815577284201,0.1698108602301641,0.31496368209515624,0.17589994179718307,0.33912571463828317,0.057747688497731126,0.2644322716202376,0.05279803217804383,0.29754743996193095,0.2421938461292628,0.2501358405895653,0.2521395652711606,0.2521395652711606,0.1166882077722412,0.2596682071254264,0.10511883985084372,0.10511883985084372,0.2500266068376736,0.32291913085650725,0.26563894507830954,0.26563894507830954,16427,2933798,178.59609180008522
2009.2,0.16297025436534127,0.44779689321011384,0.18292652906919882,0.5157000676249215,0.1366583945548333,0.24443544282050372,0.13279773860021912,0.2611264258639427,0.17664084299625127,0.31500701356607763,0.18694642311884718,0.3411259858284031,0.06584285660387673,0.26598160289724204,0.06352408310494705,0.295776721075303,0.25144865186505067,0.24952837797543237,0.26368522226878305,0.26368522226878305,0.12226217082669828,0.2592608724185673,0.11448287286115257,0.11448287286115257,0.2564962619073022,0.3251324625655208,0.275308416058739,0.275308416058739,14905,2840324,190.56182489097617
2009.3,0.15936816582059296,0.4386447149880549,0.17678948177225937,0.504744388657773,0.12801535699409566,0.23888629016825924,0.1240809594123344,0.25636539811605236,0.15898263609970675,0.30760359777247187,0.15801475037667861,0.3300815913232999,0.06007675798943531,0.26196027138243094,0.05212712546228178,0.2921433461173699,0.24398478691689093,0.24398622156420383,0.25226389089934076,0.25226389089934076,0.11392612481431276,0.25258141612416796,0.10456095620459877,0.10456095620459877,0.2544207328819784,0.3207378431835785,0.2656092813046916,0.2656092813046916,5242,877900,167.47424647081266
2009.4,0.1636341399529384,0.4458409666510764,0.19774059391328963,0.519950021181917,0.138671706806453,0.2432652013056413,0.14163443494690875,0.2620493534861282,0.18022230064573064,0.311952315319412,0.19325790099514162,0.33898887171278264,0.06409163639865594,0.26358031289989003,0.06986041884279162,0.2975795110274692,0.25535408282465183,0.2510071713364741,0.27390559290724387,0.27390559290724387,0.12426832273640383,0.25795855780890997,0.12318557867878668,0.12318557867878668,0.25810011917010495,0.32213401639509853,0.27940509473032943,0.27940509473032943,14428,2568637,178.03139728306073
2010.1,0.15455040304726206,0.44975891486106817,0.17401825325701617,0.5135026373923669,0.13141048193918367,0.24429754713529028,0.1283271340177442,0.2596991327540182,0.1690291744583015,0.3130768285532983,0.17749381425444166,0.33902806467635327,0.057627339102358593,0.2669628053159294,0.05605795007235854,0.2959233129549707,0.24370922993746474,0.24620363494376343,0.2562693860759556,0.2562693860759556,0.1145831431806664,0.25963509813421093,0.10757052664091558,0.10757052664091558,0.24897142699201752,0.32019593434509835,0.2656513393156229,0.2656513393156229,17999,2989180,166.07478193232959
2010.2,0.18740139770257971,0.45934255180649086,0.2512548131742865,0.5531145259137289,0.14989544202163893,0.24545925133858063,0.1535105200138907,0.26815341817742927,0.18377307212992522,0.3167338404270349,0.20503619115069005,0.34908071339160063,0.09095692957938117,0.27219081144753504,0.10810588059717649,0.3091180148455252,0.2709133496244113,0.2524242708836671,0.29395038734460605,0.29395038734460605,0.13694434195055452,0.25899463249554583,0.13622908535239847,0.13622908535239847,0.26225908207115894,0.31697003583241445,0.2799530165384993,0.2799530165384993,9209,1684123,182.87794548810945
2010.3,0.17156333231978022,0.44775126860749426,0.18553326774071235,0.5197581788891701,0.14046457821730252,0.24288945155505268,0.13318986912748265,0.25996891971486175,0.18608350556166778,0.3159822593694162,0.19105197058565013,0.341943212386411,0.07849873505609871,0.2648714969757523,0.07410547215467636,0.29625213746418116,0.25969289925541905,0.2480016285010905,0.267862469267595,0.267862469267595,0.12757220281014647,0.2577314922931864,0.11593041827177229,0.11593041827177229,0.2621052521578202,0.31786409958857215,0.2738069248128427,0.2738069248128427,11678,1690509,144.7601472854941
2010.4,0.1794154914909014,0.43785209910537404,0.19888528573076544,0.5026332074707911,0.14262553652673815,0.23913721148805217,0.13796105581817897,0.2553074878091212,0.1835056132302135,0.3100442720769286,0.19056029977504424,0.3350514512095393,0.07512374836748832,0.25835371224214504,0.07306494748864902,0.289853121237619,0.25538290591295093,0.24427380599591147,0.2625157651809706,0.2625157651809706,0.13033084971545567,0.2523333648434462,0.12124917329089623,0.12124917329089623,0.25801055501205905,0.31874475473754854,0.27098959801453887,0.27098959801453887,22465,3040178,135.3295348319608
2011.1,0.1799899812952601,0.441728779851123,0.1996236751121533,0.5080983373264838,0.14162746104145207,0.2405913926765791,0.13566596390743613,0.25642680364562453,0.17857431845650706,0.3112299690407965,0.18609629159154814,0.3348260322026403,0.07708968920188371,0.25973152874039346,0.07453631335572868,0.2907187229328724,0.2555273939538952,0.24532221778395563,0.2633336632101461,0.2633336632101461,0.12942864186754194,0.2534748272934854,0.11881591169009711,0.11881591169009711,0.25950578849684836,0.31669467171603466,0.27231480621021786,0.27231480621021786,23149,3290184,142.13071838956327
2011.2,0.17228676272547414,0.452884509372603,0.18852390980806744,0.5238344039197229,0.14382265394070923,0.2430978680416765,0.14409288232015013,0.26367657896817154,0.18125934758049717,0.31869270208011696,0.1938795642894459,0.34526083429918747,0.07964714733193781,0.26521275276837014,0.07941672139561866,0.2991602319599111,0.26029513121831016,0.24748589273266736,0.2770368415152212,0.2770368415152212,0.13278146133252272,0.25666090102035805,0.12931229484306334,0.12931229484306334,0.262903556774226,0.322658962255276,0.28830294103359966,0.28830294103359966,16962,2534859,149.44340290060134
2011.3,0.17284716969617145,0.4497689393069434,0.1832108522685835,0.515776989738516,0.13977080040952194,0.24091329476711093,0.1343865995286805,0.26101684947643267,0.19750900020412893,0.3182817982956362,0.2038425168393137,0.3450222912631764,0.07497765296739453,0.2626391919019937,0.06723520857597955,0.2940416980187,0.2651555389865508,0.24693495949946245,0.27628922595628935,0.27628922595628935,0.12654643081339348,0.2553687820790757,0.11759830936086298,0.11759830936086298,0.26265263148178086,0.318012779425555,0.2805126965043354,0.2805126965043354,10377,1447532,139.49426616555846
2011.4,0.17065382713187802,0.4561232349206558,0.18204452557701747,0.5217411541832719,0.14241433720708283,0.24288258211585212,0.13562654773086377,0.2579295054316852,0.18161906823190735,0.316270300565925,0.1888371675432027,0.338435547806058,0.07900689047728295,0.2663852807869321,0.07572651416301177,0.2963745789505728,0.25902404146090635,0.24490456088619697,0.2653315205893758,0.2653315205893758,0.13163929365772928,0.25595993191522937,0.12012665345092376,0.12012665345092376,0.25971899458082554,0.31753830528186916,0.27087020609243295,0.27087020609243295,20241,2848361,140.72234573390642
2012.1,0.17895587836747445,0.4559533507852435,0.2048873109464487,0.5235219801487674,0.14257549463934444,0.24253603763891807,0.1396019409670222,0.25897317242852946,0.18016124579099432,0.31533587482649017,0.18609353366450254,0.3384258459834288,0.07826477432296623,0.26404630042328026,0.08153874560154091,0.29698415831265584,0.2590418474419655,0.2445085325911227,0.2687106385638247,0.2687106385638247,0.13122045091451937,0.2554014086730742,0.12430066155570711,0.12430066155570711,0.2661457274507146,0.3202164378876865,0.2793507569500778,0.2793507569500778,19781,2852678,144.2130327081543
2012.2,0.1839438350070533,0.4521281582694588,0.19662364061498502,0.5223906561589741,0.1434282319716384,0.2424471487987816,0.13573165054223135,0.2605555409806683,0.1746565852701653,0.3127391447557929,0.17792507061468033,0.34016399554327753,0.0835555966814147,0.2651973387321444,0.07606121583662478,0.29795491454750606,0.25865986113522244,0.24677670826650144,0.26896133594440813,0.26896133594440813,0.1314277662661313,0.2550880592953934,0.11859866566033012,0.11859866566033012,0.26018396832900326,0.3228935319844173,0.2770960612868278,0.2770960612868278,14462,2140233,147.99011201770156
2012.3,0.19117554094391018,0.4565511763522497,0.2026330239987344,0.5248075999171636,0.15105153897350143,0.24488193805687672,0.14052734501526626,0.2624430614840349,0.18187295188182814,0.31585355763576284,0.18116499949904913,0.33927513217784483,0.08767808659540698,0.2701311571748887,0.07740985096127988,0.301007663306456,0.2693575041756872,0.2504618027922965,0.2706711781643364,0.2706711781643364,0.14006132421882958,0.25700235627837953,0.12444628981668834,0.12444628981668834,0.26674681739930395,0.32220046230931854,0.27285944646954474,0.27285944646954474,10473,1557692,148.73407810560488
2012.4,0.19293291605698792,0.46883343281080725,0.2007251651159597,0.5308969765011267,0.14978257915159662,0.24887520055327256,0.13834738704951038,0.262680695320409,0.18684211375952522,0.31986288605126983,0.19148210617808537,0.3419962593095578,0.08851169162326467,0.27027567759785925,0.07967253100636325,0.2990528279181083,0.26903628993643736,0.24885814049395621,0.270254900295408,0.270254900295408,0.13968919829718224,0.261726994539159,0.1240652469033523,0.1240652469033523,0.2683846475468579,0.3217299997681876,0.2770523550297546,0.2770523550297546,17884,2748088,153.66182062178484
2013.1,0.17654876698858366,0.4569720440381401,0.18897928368801864,0.5267735010633162,0.1430404416193325,0.24491369048339617,0.13503686212758464,0.26219690083195946,0.17718178736583812,0.3189308595077547,0.17956162354091215,0.3421421419088766,0.0804845150384387,0.2648755715853987,0.0750500251966787,0.29754519620558284,0.2552837669020005,0.2464493961029287,0.260333512305857,0.260333512305857,0.13177285427613714,0.2571421713484783,0.11933148246312088,0.11933148246312088,0.2554159029099447,0.3184280762693692,0.2657203075724737,0.2657203075724737,21827,3222656,147.64539332019976
2013.2,0.19656802535135426,0.4607578847777822,0.20975672561819483,0.5370273777119577,0.15289946782387162,0.24693546577495218,0.14448529556244039,0.26725571299705736,0.18495327427590386,0.3225683368716356,0.18715789450921544,0.3494943991120659,0.08477617471240069,0.26716445324501015,0.07669968254769252,0.30123067867033776,0.26575330733164226,0.2505389576631113,0.27249996376720803,0.27249996376720803,0.14036813203972248,0.2610595702438348,0.12748494290887527,0.12748494290887527,0.26841757159072316,0.32324391342483016,0.2900064294878282,0.2900064294878282,14494,2319669,160.04339726783496
2013.3,0.18207875426745426,0.4494866572196592,0.1850393307470129,0.5079536331615032,0.1455910838512908,0.24375679819171295,0.1376397402007121,0.25642704116275344,0.18079346627325285,0.3159943364630477,0.18345986608776754,0.33642569834440267,0.07869953185889007,0.2637399361782266,0.07105986073757639,0.29066199785884833,0.2587677489803182,0.24835694324087187,0.26333235205492095,0.26333235205492095,0.13155500261602002,0.25724135445993945,0.11921873862734167,0.11921873862734167,0.2567637752587696,0.3237488035408197,0.2717656982869151,0.2717656982869151,12059,1761608,146.08242806202836
2013.4,0.17520794713536234,0.4644924178410084,0.1835694736930108,0.532170248404737,0.14273005646669412,0.24550822663829103,0.13438693028030219,0.26090559886411785,0.17584088031286327,0.31709231813079425,0.17530855758189368,0.33847836024986366,0.07705505607797354,0.2659248637545897,0.07050311312539363,0.29739651194359173,0.25813567692543365,0.24807952099839392,0.2657062720692814,0.2657062720692814,0.13048801016317157,0.2588696612936242,0.11776043216679848,0.11776043216679848,0.2569075222557128,0.32065999374729276,0.272564797199016,0.272564797199016,20214,3027081,149.7517067379044
2014.1,0.18085121251116412,0.4681038314442615,0.1947158070975845,0.538934198307831,0.14443518259002786,0.2476819676644548,0.13503674610450256,0.26494537986749855,0.17569698272515719,0.3189914639602245,0.17387738055670848,0.34334365504168673,0.08029454510364532,0.2689375499561871,0.07286470135402534,0.3015927339895467,0.2590972665622269,0.24884429174410042,0.26308935090857644,0.26308935090857644,0.1329467987383562,0.26020298119578383,0.12012001838971835,0.12012001838971835,0.26409693650979366,0.32262189770947464,0.2766418031925302,0.2766418031925302,19970,3125593,156.51442163244866
2014.2,0.18572685667613245,0.47263043717322206,0.18570291920815005,0.5377195073492884,0.14288666060664726,0.24673823404591902,0.13203557631415375,0.2637437139862439,0.17315981096536598,0.31737606884993513,0.1715848211074163,0.34181728925278443,0.0804024641418428,0.26986527881326916,0.0718560125668381,0.3009061900650984,0.26195938195033663,0.24856947069092775,0.2674872311048591,0.2674872311048591,0.13098930486574728,0.26024543750499896,0.11586177929017584,0.11586177929017584,0.26265317821328393,0.3244950883552061,0.2746722168791423,0.2746722168791423,13441,2195411,163.33687969645115
2014.3,0.191101331184711,0.4811483226849916,0.19853122767100503,0.5429348130366898,0.15534738182828645,0.25258106292280863,0.14470997672323294,0.26838038655066593,0.19217431489251796,0.3226232434282958,0.19399833276939776,0.3449590355851368,0.09263733090321628,0.27380431333233723,0.08270383549388491,0.3032416347756911,0.2737196632355555,0.2568572507672498,0.27778670242596204,0.27778670242596204,0.14360161629380244,0.2644111139355263,0.12885132317712555,0.12885132317712555,0.26865515922141947,0.3264227847392341,0.27467762254763534,0.27467762254763534,9692,1586200,163.66075113495666
2014.4,0.17730127923027073,0.45244967513981077,0.18752432415864892,0.5165118714587504,0.1416319627996867,0.24283997736573343,0.13769741273182212,0.2600262706006147,0.1711460295920785,0.31609773818621967,0.17745132706643238,0.33936178628424674,0.08205889304748903,0.26473055141128476,0.07696724525007288,0.2945850653564825,0.2553052310803813,0.242783291119731,0.2666732984486974,0.2666732984486974,0.12858149368564892,0.2562362485215437,0.12086876576632974,0.12086876576632974,0.2575883027885223,0.3188309095374151,0.2775882219409873,0.2775882219409873,18211,2717829,149.24106309373457
2015.1,0.17882513110633377,0.47098726391658485,0.19326950293946502,0.5349746205664009,0.14097260956023397,0.2481534856484081,0.134427648925737,0.264074190221973,0.1755269171223167,0.321333381051582,0.1812635954578036,0.3427953408140317,0.08106856580712368,0.27228162047588544,0.0762284463548784,0.30360438476782914,0.2603909602885662,0.2495891626614423,0.27108016805820945,0.27108016805820945,0.12879277465174196,0.2611491140606805,0.11830194409865563,0.11830194409865563,0.26140796179031467,0.3245360675326999,0.28478883108827197,0.28478883108827197,18858,3164373,167.8000318167356
2015.2,0.23350958268934963,0.46701550471393344,0.2930572647737486,0.5448110007785941,0.16367694730630133,0.2472698783826142,0.16978475456894865,0.2651273584988949,0.19857525736820988,0.3181391094276467,0.21607310460461754,0.3472326712333761,0.10395537125259904,0.26849490697175593,0.1231467359182855,0.30266563045063266,0.28236675937585654,0.25631489722568024,0.3072948449729898,0.3072948449729898,0.1501125036362509,0.260395014711459,0.15191785985989198,0.15191785985989198,0.2765941750936422,0.32341709828231047,0.2982429916217618,0.2982429916217618,9043,1440904,159.33915735928343
2015.3,0.18770701626179415,0.45511842090527466,0.20734194265943512,0.5322768416892523,0.1450891185647782,0.2442589308718892,0.13761964265495266,0.26212767350363775,0.1786917273537296,0.31446816623482005,0.18180162103102507,0.3423673769104073,0.08312636091135647,0.2678532042507618,0.08080611534880765,0.3014756351334514,0.2649839253689305,0.2498989393473964,0.2738750170898082,0.2738750170898082,0.13238618958852744,0.25679642345975573,0.1207696429419721,0.1207696429419721,0.2592926467350454,0.3217306861270171,0.27095740616158503,0.27095740616158503,10139,1524342,150.34441266397081
2015.4,0.19051743876868754,0.4643361713522653,0.20411845985634114,0.5295684171004756,0.14603753122159382,0.24526961057315305,0.14100496585508338,0.26285445554101805,0.18464122606279143,0.31736806613427887,0.1907690516464069,0.341706305359591,0.0861140173284892,0.2663877702895493,0.08278853528713008,0.29859700916749216,0.2674440350849779,0.25460079250163176,0.27767854119783764,0.27767854119783764,0.133745715003855,0.25724010576283757,0.12555579337409373,0.12555579337409373,0.2622820822047645,0.32481789600034205,0.28503441055955625,0.28503441055955625,20345,2974615,146.20865077414598
2016.1,0.19963201870513314,0.469829511258909,0.2167457917827963,0.5326902652885895,0.14534432862143212,0.24674487084841118,0.14900480809996317,0.26276690005589687,0.17978861037457367,0.3175434239274542,0.19567007224311603,0.3414613218416415,0.08502960806180773,0.26851667302623167,0.08801269461427001,0.297085826931279,0.2683945650094558,0.25261773875692545,0.2851604560584311,0.2851604560584311,0.1324969990203145,0.25989615315316206,0.13290066127272163,0.13290066127272163,0.26596569794029973,0.3251348704676678,0.29278760694336764,0.29278760694336764,21748,3329515,153.0952271473239
2016.2,0.20962266847926048,0.4882895373907353,0.21354400478968844,0.5578598255180727,0.15084144655571324,0.2514886215124181,0.14009529613963817,0.2656813567858623,0.18623985206097704,0.3236906614637625,0.19083667803670784,0.3485575117273618,0.09483973910316787,0.27586254853633857,0.08633655810323541,0.3061043495659109,0.27720927128664075,0.25721070486600567,0.28640391966516915,0.28640391966516915,0.13926771208140343,0.2643809527148563,0.1252176295103992,0.1252176295103992,0.27410546672942215,0.33027991403446944,0.29686772345115603,0.29686772345115603,14593,2376203,162.8317001301994
2016.3,0.22336529248697642,0.485697475881747,0.21171142757453235,0.5470379276289083,0.16061438898957958,0.24924044341398097,0.1433877430679729,0.2683303745242533,0.19314158136473641,0.31773039838253325,0.188768210659334,0.3437932441494614,0.10206592795559477,0.2747991218704684,0.08722912436766954,0.3035311296939372,0.29202021230195263,0.26004355114176453,0.2841637575992058,0.2841637575992058,0.1499812471219126,0.26103437199016755,0.129174119806042,0.129174119806042,0.27980041772154074,0.3265809556083287,0.28229133914602184,0.28229133914602184,8372,1368063,163.40934065934067
2016.4,0.2143343635261341,0.47140439510499826,0.2200608927396453,0.5425580845831345,0.1604709879254035,0.2460850239167675,0.14907784743881586,0.26585125057304043,0.1866258538706321,0.31235298430485453,0.19224321216150192,0.3403036824802867,0.09866237798462196,0.26976315142794544,0.08982398630830425,0.30309624672798785,0.28058907901337693,0.2573401701347422,0.2859144886135887,0.2859144886135887,0.14929728595746936,0.25855133787429213,0.13459492405200232,0.13459492405200232,0.27843525507166367,0.32413686539201053,0.2877025176111829,0.2877025176111829,19973,3011961,150.8016322034747
2017.1,0.21615462767794516,0.4646831356662291,0.22414634131444833,0.5374084458315935,0.16511273999559614,0.24777167598945257,0.15920546591430274,0.2683747825723067,0.19524167374021836,0.3178879893330522,0.20339498764084113,0.34528182418781345,0.10267411199724337,0.26695828250295744,0.09706283684033018,0.300934453803179,0.2850641331201003,0.2562670192715546,0.2988787935235285,0.2988787935235285,0.15430014098632214,0.2596709371694585,0.14530872264232833,0.14530872264232833,0.27915582289480767,0.32498554030237187,0.30268454321004384,0.30268454321004384,22026,3270042,148.46281667120675
2017.2,0.2122373275447639,0.48318240538857055,0.23027578947788813,0.5590859145905639,0.1593254379175043,0.24508113571181314,0.14712538953538823,0.2673792648575883,0.20021205050792046,0.32035749956245607,0.20436083652135653,0.34816066814563623,0.10053874070998317,0.2741324587768713,0.09529890170814434,0.306626333279147,0.2845300521556299,0.2523391047841187,0.2938437982502245,0.2938437982502245,0.14538567525074125,0.2586257969912796,0.129754065894853,0.129754065894853,0.28229652044630577,0.3226570178096852,0.2921860036420906,0.2921860036420906,5199,795878,153.08290055779958
2017.3,0.19073522041090576,0.4651840868353387,0.19648431251803342,0.5306059872010358,0.15202316761288884,0.2427020758257637,0.13833066580324727,0.25867883536856,0.19207614662126682,0.3162699401960326,0.19070104245535674,0.3399639705562411,0.0918032570454377,0.26803691280242015,0.08565158155049354,0.29669209802859964,0.2803179848478373,0.25343073477801625,0.27934528636566924,0.27934528636566924,0.139256426600384,0.2558166727246679,0.12162099179444882,0.12162099179444882,0.27773160784744777,0.3210070696784998,0.2785844904131903,0.2785844904131903,9606,1391284,144.83489485738082
2017.4,0.18982201078637365,0.44302439722413994,0.18626234739426067,0.5088550382631051,0.15214122378263673,0.24191579218072323,0.14116298771417254,0.25706903957112076,0.17998130980422833,0.3123515175502785,0.1784669496927243,0.33250877738567225,0.08796835998430272,0.2596517765443034,0.07879453396618458,0.28949683410118116,0.2673905004908192,0.24511698417869637,0.27302247331818214,0.27302247331818214,0.13989758186355128,0.2546370927877119,0.1252312471768146,0.1252312471768146,0.260187206696784,0.31693039295569597,0.274110317505661,0.274110317505661,23815,3319049,139.36800335922737
